dataset,family,fit.artifacts.estimator.joblib.bytes,fit.artifacts.estimator.joblib.sha256,fit.artifacts.preprocessing.json.bytes,fit.artifacts.preprocessing.json.sha256,fit.device,fit.estimator_parameters.algorithm,fit.estimator_parameters.n_jobs,fit.estimator_parameters.n_neighbors,fit.estimator_parameters.weights,fit.fit_and_persist_seconds,fit.income_class_counts,fit.input_field_sizes,fit.model_kind,fit.model_name,fit.preprocessing,fit.privacy_guarantee,fit.schema_version,fit.scope_note,fit.seed,fit.sensitive_input,fit.source_sha256,fit.target,fit.threads,fit.training_api_inputs,fit.training_records,fit.versions.numpy,fit.versions.python,fit.versions.sklearn,fit.versions.torch,fit.warnings,fit_seed,predictions_sha256,training_records,training_seed,utility.accuracy,utility.log_loss,utility.roc_auc,finite_query_pool_output_sha256,fit.estimator_parameters.random_state,fit.estimator_parameters.max_depth,fit.estimator_parameters.n_estimators,fit.estimator_parameters.categorical_features,fit.estimator_parameters.early_stopping,fit.estimator_parameters.max_iter,fit.estimator_parameters.max_leaf_nodes,fit.estimator_parameters.eval_metric,fit.estimator_parameters.learning_rate,fit.estimator_parameters.objective,fit.estimator_parameters.tree_method,fit.versions.xgboost,fit.estimator_parameters.C,fit.estimator_parameters.batch_size,fit.estimator_parameters.hidden_layer_sizes,fit.amp_dtype,fit.artifacts.language_model.pt.bytes,fit.artifacts.language_model.pt.sha256,fit.config.amp,fit.config.batch_size,fit.config.d_model,fit.config.dim_feedforward,fit.config.dropout,fit.config.lr,fit.config.num_heads,fit.config.num_layers,fit.config.predict_batch_size,fit.config.weight_decay,fit.determinism,fit.device_name,fit.epoch_next_token_losses,fit.epoch_seconds,fit.epochs,fit.income_prediction,fit.parameter_count,fit.sensitive_prediction,fit.training_objective
D1,knn,1111326,0580d4073e5cef89e604e5d70bace55e12e7b9ba7b196958e8030f39f1f5b3a2,370,ad82b74b98e88d047fecb99c227ad2d653888df937f57967dbac8dfc5189b66e,cpu,kd_tree,6,5,distance,0.15105370001401752,"[25056,24944]","[14,3,25,6,7,10,25,20,10,100,2]",classical_income_classifier,knn,fixed_range_scaled_category_codes_euclidean,none; these are non-DP baseline models,1,Caller is responsible for disjoint evaluation rows; this function receives training arrays only.,20260921,"last input column S, explicitly supplied by caller",34cf77139a2aabbb63206ea939032dcdce6aaea3c87f38dfad8da6f718182221,binary_income_Y,6,X_with_S and y only; no separate evaluation input is accepted,50000,2.5.2,3.12.14,1.6.1,2.13.0+cu130,[],20260921,952a311e14707c39b241be8ab7268b0715983f4a4ac7e017a4e82ab8098667ac,50000,20260921,0.7467,2.797732185281429,0.8052751385589867,d2d0746aaf667b761bad38f1d757ebbf24289ccc66be02afb1d1d02c273147ee,,,,,,,,,,,,,,,,,,,,,,,,,,,,,,,,,,,,,
D2_0,knn,1112825,d942e58c18adfe0455dffc7d92ef86768ac3c34e06e9065a8278a5324511b8a3,370,ad82b74b98e88d047fecb99c227ad2d653888df937f57967dbac8dfc5189b66e,cpu,kd_tree,6,5,distance,0.15197679999982938,"[25089,24911]","[14,3,25,6,7,10,25,20,10,100,2]",classical_income_classifier,knn,fixed_range_scaled_category_codes_euclidean,none; these are non-DP baseline models,1,Caller is responsible for disjoint evaluation rows; this function receives training arrays only.,20261930,"last input column S, explicitly supplied by caller",34cf77139a2aabbb63206ea939032dcdce6aaea3c87f38dfad8da6f718182221,binary_income_Y,6,X_with_S and y only; no separate evaluation input is accepted,50000,2.5.2,3.12.14,1.6.1,2.13.0+cu130,[],20261930,a6cfc1a6ee557c0784496a66c2c1da94613fd2befd4918c4021dface82d3304f,50000,20260921,0.7383,2.7487350387057092,0.7986047370883633,b316efa0a7b563ae44ae638cba60f89287bd2244b45f6a35ddca83094142e7c9,,,,,,,,,,,,,,,,,,,,,,,,,,,,,,,,,,,,,
D2_50,knn,1111857,4293bbf09142dfb09a7a08be5f2bb57374867c7fe1367de789369705cd851df0,370,ad82b74b98e88d047fecb99c227ad2d653888df937f57967dbac8dfc5189b66e,cpu,kd_tree,6,5,distance,0.1540798000060022,"[24976,25024]","[14,3,25,6,7,10,25,20,10,100,2]",classical_income_classifier,knn,fixed_range_scaled_category_codes_euclidean,none; these are non-DP baseline models,1,Caller is responsible for disjoint evaluation rows; this function receives training arrays only.,20262939,"last input column S, explicitly supplied by caller",34cf77139a2aabbb63206ea939032dcdce6aaea3c87f38dfad8da6f718182221,binary_income_Y,6,X_with_S and y only; no separate evaluation input is accepted,50000,2.5.2,3.12.14,1.6.1,2.13.0+cu130,[],20262939,0c8ae39848304f51fdedb91a476e6addd80b1d19d9ea5a109bee5687a5d3115d,50000,20260921,0.7411,2.8712164564517746,0.8016499264560455,4b3c2fe8ceab201d7aee78e031dc445a31d277cf8dc62333fc38ff07bdaa2d81,,,,,,,,,,,,,,,,,,,,,,,,,,,,,,,,,,,,,
D2_100,knn,1111326,0580d4073e5cef89e604e5d70bace55e12e7b9ba7b196958e8030f39f1f5b3a2,370,ad82b74b98e88d047fecb99c227ad2d653888df937f57967dbac8dfc5189b66e,cpu,kd_tree,6,5,distance,0.15318609995301813,"[25056,24944]","[14,3,25,6,7,10,25,20,10,100,2]",classical_income_classifier,knn,fixed_range_scaled_category_codes_euclidean,none; these are non-DP baseline models,1,Caller is responsible for disjoint evaluation rows; this function receives training arrays only.,20263948,"last input column S, explicitly supplied by caller",34cf77139a2aabbb63206ea939032dcdce6aaea3c87f38dfad8da6f718182221,binary_income_Y,6,X_with_S and y only; no separate evaluation input is accepted,50000,2.5.2,3.12.14,1.6.1,2.13.0+cu130,[],20263948,952a311e14707c39b241be8ab7268b0715983f4a4ac7e017a4e82ab8098667ac,50000,20260921,0.7467,2.797732185281429,0.8052751385589867,d2d0746aaf667b761bad38f1d757ebbf24289ccc66be02afb1d1d02c273147ee,,,,,,,,,,,,,,,,,,,,,,,,,,,,,,,,,,,,,
D1,knn,1111326,0580d4073e5cef89e604e5d70bace55e12e7b9ba7b196958e8030f39f1f5b3a2,370,ad82b74b98e88d047fecb99c227ad2d653888df937f57967dbac8dfc5189b66e,cpu,kd_tree,6,5,distance,0.14950679999310523,"[25056,24944]","[14,3,25,6,7,10,25,20,10,100,2]",classical_income_classifier,knn,fixed_range_scaled_category_codes_euclidean,none; these are non-DP baseline models,1,Caller is responsible for disjoint evaluation rows; this function receives training arrays only.,20260922,"last input column S, explicitly supplied by caller",34cf77139a2aabbb63206ea939032dcdce6aaea3c87f38dfad8da6f718182221,binary_income_Y,6,X_with_S and y only; no separate evaluation input is accepted,50000,2.5.2,3.12.14,1.6.1,2.13.0+cu130,[],20260922,952a311e14707c39b241be8ab7268b0715983f4a4ac7e017a4e82ab8098667ac,50000,20260922,0.7467,2.797732185281429,0.8052751385589867,d2d0746aaf667b761bad38f1d757ebbf24289ccc66be02afb1d1d02c273147ee,,,,,,,,,,,,,,,,,,,,,,,,,,,,,,,,,,,,,
D2_0,knn,1112825,d942e58c18adfe0455dffc7d92ef86768ac3c34e06e9065a8278a5324511b8a3,370,ad82b74b98e88d047fecb99c227ad2d653888df937f57967dbac8dfc5189b66e,cpu,kd_tree,6,5,distance,0.15770969999721274,"[25089,24911]","[14,3,25,6,7,10,25,20,10,100,2]",classical_income_classifier,knn,fixed_range_scaled_category_codes_euclidean,none; these are non-DP baseline models,1,Caller is responsible for disjoint evaluation rows; this function receives training arrays only.,20261931,"last input column S, explicitly supplied by caller",34cf77139a2aabbb63206ea939032dcdce6aaea3c87f38dfad8da6f718182221,binary_income_Y,6,X_with_S and y only; no separate evaluation input is accepted,50000,2.5.2,3.12.14,1.6.1,2.13.0+cu130,[],20261931,a6cfc1a6ee557c0784496a66c2c1da94613fd2befd4918c4021dface82d3304f,50000,20260922,0.7383,2.7487350387057092,0.7986047370883633,b316efa0a7b563ae44ae638cba60f89287bd2244b45f6a35ddca83094142e7c9,,,,,,,,,,,,,,,,,,,,,,,,,,,,,,,,,,,,,
D2_50,knn,1111857,4293bbf09142dfb09a7a08be5f2bb57374867c7fe1367de789369705cd851df0,370,ad82b74b98e88d047fecb99c227ad2d653888df937f57967dbac8dfc5189b66e,cpu,kd_tree,6,5,distance,0.15585690003354102,"[24976,25024]","[14,3,25,6,7,10,25,20,10,100,2]",classical_income_classifier,knn,fixed_range_scaled_category_codes_euclidean,none; these are non-DP baseline models,1,Caller is responsible for disjoint evaluation rows; this function receives training arrays only.,20262940,"last input column S, explicitly supplied by caller",34cf77139a2aabbb63206ea939032dcdce6aaea3c87f38dfad8da6f718182221,binary_income_Y,6,X_with_S and y only; no separate evaluation input is accepted,50000,2.5.2,3.12.14,1.6.1,2.13.0+cu130,[],20262940,0c8ae39848304f51fdedb91a476e6addd80b1d19d9ea5a109bee5687a5d3115d,50000,20260922,0.7411,2.8712164564517746,0.8016499264560455,4b3c2fe8ceab201d7aee78e031dc445a31d277cf8dc62333fc38ff07bdaa2d81,,,,,,,,,,,,,,,,,,,,,,,,,,,,,,,,,,,,,
D2_100,knn,1111326,0580d4073e5cef89e604e5d70bace55e12e7b9ba7b196958e8030f39f1f5b3a2,370,ad82b74b98e88d047fecb99c227ad2d653888df937f57967dbac8dfc5189b66e,cpu,kd_tree,6,5,distance,0.15329609997570515,"[25056,24944]","[14,3,25,6,7,10,25,20,10,100,2]",classical_income_classifier,knn,fixed_range_scaled_category_codes_euclidean,none; these are non-DP baseline models,1,Caller is responsible for disjoint evaluation rows; this function receives training arrays only.,20263949,"last input column S, explicitly supplied by caller",34cf77139a2aabbb63206ea939032dcdce6aaea3c87f38dfad8da6f718182221,binary_income_Y,6,X_with_S and y only; no separate evaluation input is accepted,50000,2.5.2,3.12.14,1.6.1,2.13.0+cu130,[],20263949,952a311e14707c39b241be8ab7268b0715983f4a4ac7e017a4e82ab8098667ac,50000,20260922,0.7467,2.797732185281429,0.8052751385589867,d2d0746aaf667b761bad38f1d757ebbf24289ccc66be02afb1d1d02c273147ee,,,,,,,,,,,,,,,,,,,,,,,,,,,,,,,,,,,,,
D1,decision_tree,275984,7bd22079ce47db7d19d20e4832b4ed7fb791a04fdd00c73596718594967a74ff,364,1142ecb81d085caa18d5a8ae43d8c5a4ac2ccaf5b9ac6b6e6536971e46ccba25,cpu,,,,,0.11136740003712475,"[25056,24944]","[14,3,25,6,7,10,25,20,10,100,2]",classical_income_classifier,decision_tree,raw_category_codes_as_ordered_numeric,none; these are non-DP baseline models,1,Caller is responsible for disjoint evaluation rows; this function receives training arrays only.,20260921,"last input column S, explicitly supplied by caller",34cf77139a2aabbb63206ea939032dcdce6aaea3c87f38dfad8da6f718182221,binary_income_Y,6,X_with_S and y only; no separate evaluation input is accepted,50000,2.5.2,3.12.14,1.6.1,2.13.0+cu130,[],20260921,c85470ebc933119b9f05a875029599572ccb23d82622f28faf5f33b9dcfb1035,50000,20260921,0.7199,8.218140229610654,0.7286715931195117,e4d4c85bec6e118aeaa824453882d46048045064ac6747715196791de0e3330e,20260921,,,,,,,,,,,,,,,,,,,,,,,,,,,,,,,,,,,,
D2_0,decision_tree,277087,6fd2dcd9209c2b2da977a72afffe5870804d628dfa46f67fc7ec288f06d00670,364,1142ecb81d085caa18d5a8ae43d8c5a4ac2ccaf5b9ac6b6e6536971e46ccba25,cpu,,,,,0.12328970001544803,"[25089,24911]","[14,3,25,6,7,10,25,20,10,100,2]",classical_income_classifier,decision_tree,raw_category_codes_as_ordered_numeric,none; these are non-DP baseline models,1,Caller is responsible for disjoint evaluation rows; this function receives training arrays only.,20261930,"last input column S, explicitly supplied by caller",34cf77139a2aabbb63206ea939032dcdce6aaea3c87f38dfad8da6f718182221,binary_income_Y,6,X_with_S and y only; no separate evaluation input is accepted,50000,2.5.2,3.12.14,1.6.1,2.13.0+cu130,[],20261930,27207941365fcf4f4db3b1e4634e43c5946ce127d5504669e62037d960b7eccf,50000,20260921,0.7193,8.191531806714355,0.7285044950461841,eefa4d156ef25a7791339745a2f8908eeac2e71bec1df13d652dcdb3cf05a075,20261930,,,,,,,,,,,,,,,,,,,,,,,,,,,,,,,,,,,,
D2_50,decision_tree,273538,b09f7a0aea10cd6565cdcc35bf3ca509d4a52136e7254c9bbc3492ccce696845,364,1142ecb81d085caa18d5a8ae43d8c5a4ac2ccaf5b9ac6b6e6536971e46ccba25,cpu,,,,,0.11722600000211969,"[24976,25024]","[14,3,25,6,7,10,25,20,10,100,2]",classical_income_classifier,decision_tree,raw_category_codes_as_ordered_numeric,none; these are non-DP baseline models,1,Caller is responsible for disjoint evaluation rows; this function receives training arrays only.,20262939,"last input column S, explicitly supplied by caller",34cf77139a2aabbb63206ea939032dcdce6aaea3c87f38dfad8da6f718182221,binary_income_Y,6,X_with_S and y only; no separate evaluation input is accepted,50000,2.5.2,3.12.14,1.6.1,2.13.0+cu130,[],20262939,fd83353a79ddf3f41d5c5a0c0a60802e48e105d4dee9d50152935c97ca7befc7,50000,20260921,0.7188,8.247380401043975,0.7259272562920406,4b44d9b04b88f023289e9c2f1595d6952efe8eea3e38fb39429dca97828c9ec5,20262939,,,,,,,,,,,,,,,,,,,,,,,,,,,,,,,,,,,,
D2_100,decision_tree,275950,4f0f8902bafa9c6ec36ae511b53e8e331ba4b725ae1910b40eec333479f1dac7,364,1142ecb81d085caa18d5a8ae43d8c5a4ac2ccaf5b9ac6b6e6536971e46ccba25,cpu,,,,,0.11582499998621643,"[25056,24944]","[14,3,25,6,7,10,25,20,10,100,2]",classical_income_classifier,decision_tree,raw_category_codes_as_ordered_numeric,none; these are non-DP baseline models,1,Caller is responsible for disjoint evaluation rows; this function receives training arrays only.,20263948,"last input column S, explicitly supplied by caller",34cf77139a2aabbb63206ea939032dcdce6aaea3c87f38dfad8da6f718182221,binary_income_Y,6,X_with_S and y only; no separate evaluation input is accepted,50000,2.5.2,3.12.14,1.6.1,2.13.0+cu130,[],20263948,a8b9133649596f4a5d7b7e2147496168d0e4b501e7bbc30474cf8ad21e26a049,50000,20260921,0.7205,8.210698317252799,0.7288247896892528,4e3f70a88c28ebf7241c8b7df8436850db062c52964d24b51f23750aec1b52d0,20263948,,,,,,,,,,,,,,,,,,,,,,,,,,,,,,,,,,,,
D1,decision_tree,275612,efd8f4589c80427da46894326b165a49fae01b53911d3678a5adae34d2efd603,364,1142ecb81d085caa18d5a8ae43d8c5a4ac2ccaf5b9ac6b6e6536971e46ccba25,cpu,,,,,0.11119120003422722,"[25056,24944]","[14,3,25,6,7,10,25,20,10,100,2]",classical_income_classifier,decision_tree,raw_category_codes_as_ordered_numeric,none; these are non-DP baseline models,1,Caller is responsible for disjoint evaluation rows; this function receives training arrays only.,20260922,"last input column S, explicitly supplied by caller",34cf77139a2aabbb63206ea939032dcdce6aaea3c87f38dfad8da6f718182221,binary_income_Y,6,X_with_S and y only; no separate evaluation input is accepted,50000,2.5.2,3.12.14,1.6.1,2.13.0+cu130,[],20260922,d934056f89a1a2be08822b391ccd395a38fcae90e96f6ab0a09e02520362f727,50000,20260922,0.7198,8.218888834128736,0.7282601886220014,8fb9cc283e3af5c16dc31d0d70e8ff41d3535df21eb6c7b041eb8ba528cbb684,20260922,,,,,,,,,,,,,,,,,,,,,,,,,,,,,,,,,,,,
D2_0,decision_tree,277407,0d9dea10a821ddd3281e43a1b35d3a5e95411b2014350731390a83f2b94ead2c,364,1142ecb81d085caa18d5a8ae43d8c5a4ac2ccaf5b9ac6b6e6536971e46ccba25,cpu,,,,,0.1147493000025861,"[25089,24911]","[14,3,25,6,7,10,25,20,10,100,2]",classical_income_classifier,decision_tree,raw_category_codes_as_ordered_numeric,none; these are non-DP baseline models,1,Caller is responsible for disjoint evaluation rows; this function receives training arrays only.,20261931,"last input column S, explicitly supplied by caller",34cf77139a2aabbb63206ea939032dcdce6aaea3c87f38dfad8da6f718182221,binary_income_Y,6,X_with_S and y only; no separate evaluation input is accepted,50000,2.5.2,3.12.14,1.6.1,2.13.0+cu130,[],20261931,41abc1a6641e90cabedd059fbc712e23cd8ad099f7204afb887e1b09df388c89,50000,20260922,0.7173,8.249450078250748,0.7263990473209583,debc8d8308a13daa210a84035d1489a6eb00b89282bac24823139f0d30a93f3d,20261931,,,,,,,,,,,,,,,,,,,,,,,,,,,,,,,,,,,,
D2_50,decision_tree,273436,ae1d3551925d3d0888fc9324cbf1e36f9f67445fd70e400e7c8148b987964e18,364,1142ecb81d085caa18d5a8ae43d8c5a4ac2ccaf5b9ac6b6e6536971e46ccba25,cpu,,,,,0.1125387999927625,"[24976,25024]","[14,3,25,6,7,10,25,20,10,100,2]",classical_income_classifier,decision_tree,raw_category_codes_as_ordered_numeric,none; these are non-DP baseline models,1,Caller is responsible for disjoint evaluation rows; this function receives training arrays only.,20262940,"last input column S, explicitly supplied by caller",34cf77139a2aabbb63206ea939032dcdce6aaea3c87f38dfad8da6f718182221,binary_income_Y,6,X_with_S and y only; no separate evaluation input is accepted,50000,2.5.2,3.12.14,1.6.1,2.13.0+cu130,[],20262940,1a5e7247b919f114ba3e8c8394691dc5b490e50433eee64970249e5bec3c5b56,50000,20260922,0.7207,8.214211081295545,0.7272959243271752,e6e18e9e9748375ef5ff4971a31eefffae4b257d8aba3e29fe82bad9ec270c19,20262940,,,,,,,,,,,,,,,,,,,,,,,,,,,,,,,,,,,,
D2_100,decision_tree,276020,6d1346c4c1fb3fa502274840fc251c1b72be3c2c168d3b31a8b4b1e86ee8ab3a,364,1142ecb81d085caa18d5a8ae43d8c5a4ac2ccaf5b9ac6b6e6536971e46ccba25,cpu,,,,,0.11297730001388118,"[25056,24944]","[14,3,25,6,7,10,25,20,10,100,2]",classical_income_classifier,decision_tree,raw_category_codes_as_ordered_numeric,none; these are non-DP baseline models,1,Caller is responsible for disjoint evaluation rows; this function receives training arrays only.,20263949,"last input column S, explicitly supplied by caller",34cf77139a2aabbb63206ea939032dcdce6aaea3c87f38dfad8da6f718182221,binary_income_Y,6,X_with_S and y only; no separate evaluation input is accepted,50000,2.5.2,3.12.14,1.6.1,2.13.0+cu130,[],20263949,4a2699d3a8587c22329f919619084c5b582caf18805554a7967b6bc476278652,50000,20260922,0.7212,8.164669813782236,0.7300173586775146,b3f14fa662c5cd642167a2ed2818920bc8dc0edfbcfd2b092ebd6b6ccbda4951,20263949,,,,,,,,,,,,,,,,,,,,,,,,,,,,,,,,,,,,
D1,random_forest,18088939,4f8f8dffb6221edd467a937a9be2e9c8ca1e8ffc479bca80a9d7825d20b34804,364,1142ecb81d085caa18d5a8ae43d8c5a4ac2ccaf5b9ac6b6e6536971e46ccba25,cpu,,6,,,1.1068003000109456,"[25056,24944]","[14,3,25,6,7,10,25,20,10,100,2]",classical_income_classifier,random_forest,raw_category_codes_as_ordered_numeric,none; these are non-DP baseline models,1,Caller is responsible for disjoint evaluation rows; this function receives training arrays only.,20260921,"last input column S, explicitly supplied by caller",34cf77139a2aabbb63206ea939032dcdce6aaea3c87f38dfad8da6f718182221,binary_income_Y,6,X_with_S and y only; no separate evaluation input is accepted,50000,2.5.2,3.12.14,1.6.1,2.13.0+cu130,[],20260921,5e106c7a30e7a768ac9614041240f83b36ad6bd5db9616bddd4bba21409cb5a3,50000,20260921,0.7761,0.475159588875545,0.8586092271740111,ad9708ff2ba05603261ff93190005e1995533367c13920ee96e7aab6e0de4e03,20260921,18,100,,,,,,,,,,,,,,,,,,,,,,,,,,,,,,,,,,
D2_0,random_forest,18163354,949aae02be7c48eea78c6c832aad84dbb8a12bcc16720944dfca4216cbe0bd62,364,1142ecb81d085caa18d5a8ae43d8c5a4ac2ccaf5b9ac6b6e6536971e46ccba25,cpu,,6,,,1.1016765999956988,"[25089,24911]","[14,3,25,6,7,10,25,20,10,100,2]",classical_income_classifier,random_forest,raw_category_codes_as_ordered_numeric,none; these are non-DP baseline models,1,Caller is responsible for disjoint evaluation rows; this function receives training arrays only.,20261930,"last input column S, explicitly supplied by caller",34cf77139a2aabbb63206ea939032dcdce6aaea3c87f38dfad8da6f718182221,binary_income_Y,6,X_with_S and y only; no separate evaluation input is accepted,50000,2.5.2,3.12.14,1.6.1,2.13.0+cu130,[],20261930,305fb9c907201cd3f234a5929168d891a89b222ba3848fc2c6485b0f593559de,50000,20260921,0.7759,0.47487040945767384,0.8581046926035519,546adcbc8a13a0244fa51f364429f9c0bfcd72891fd2c0fa699faa9717af9e09,20261930,18,100,,,,,,,,,,,,,,,,,,,,,,,,,,,,,,,,,,
D2_50,random_forest,17918213,c2f59e5e6ec09f3d786db8ed24fabcbe5be0dc28034a61bc1a7594a4717d5760,364,1142ecb81d085caa18d5a8ae43d8c5a4ac2ccaf5b9ac6b6e6536971e46ccba25,cpu,,6,,,1.0638876000302844,"[24976,25024]","[14,3,25,6,7,10,25,20,10,100,2]",classical_income_classifier,random_forest,raw_category_codes_as_ordered_numeric,none; these are non-DP baseline models,1,Caller is responsible for disjoint evaluation rows; this function receives training arrays only.,20262939,"last input column S, explicitly supplied by caller",34cf77139a2aabbb63206ea939032dcdce6aaea3c87f38dfad8da6f718182221,binary_income_Y,6,X_with_S and y only; no separate evaluation input is accepted,50000,2.5.2,3.12.14,1.6.1,2.13.0+cu130,[],20262939,693b9bb09dcb72d9b457451be3810e5dad046387b217900a946f113307c3035d,50000,20260921,0.7767,0.4724770261459114,0.8574571825688666,188d2ddc17a494f926e368479d5904bd5e9bfdfe1f225545d0378a5745dc2f3f,20262939,18,100,,,,,,,,,,,,,,,,,,,,,,,,,,,,,,,,,,
D2_100,random_forest,18059619,8ab669dfca0907eefa94ff81f43f2bb2c94ae7b7fcce791986ce7c5a26c2355e,364,1142ecb81d085caa18d5a8ae43d8c5a4ac2ccaf5b9ac6b6e6536971e46ccba25,cpu,,6,,,1.0878669999656267,"[25056,24944]","[14,3,25,6,7,10,25,20,10,100,2]",classical_income_classifier,random_forest,raw_category_codes_as_ordered_numeric,none; these are non-DP baseline models,1,Caller is responsible for disjoint evaluation rows; this function receives training arrays only.,20263948,"last input column S, explicitly supplied by caller",34cf77139a2aabbb63206ea939032dcdce6aaea3c87f38dfad8da6f718182221,binary_income_Y,6,X_with_S and y only; no separate evaluation input is accepted,50000,2.5.2,3.12.14,1.6.1,2.13.0+cu130,[],20263948,9f583445c48ab3c10a05b56dbcfd194cab81cf01645ae947727442135755630a,50000,20260921,0.7763,0.47827107656481105,0.8587507824846335,46d651bdd2eed99ebbc23f145133b7cb1a70be083118fcfe79e580f4dacfce2a,20263948,18,100,,,,,,,,,,,,,,,,,,,,,,,,,,,,,,,,,,
D1,random_forest,18196367,bca6a0f87b64005cd3583ea2a871559443071243c22e2cbeafc720158ffc0f46,364,1142ecb81d085caa18d5a8ae43d8c5a4ac2ccaf5b9ac6b6e6536971e46ccba25,cpu,,6,,,1.112139799981378,"[25056,24944]","[14,3,25,6,7,10,25,20,10,100,2]",classical_income_classifier,random_forest,raw_category_codes_as_ordered_numeric,none; these are non-DP baseline models,1,Caller is responsible for disjoint evaluation rows; this function receives training arrays only.,20260922,"last input column S, explicitly supplied by caller",34cf77139a2aabbb63206ea939032dcdce6aaea3c87f38dfad8da6f718182221,binary_income_Y,6,X_with_S and y only; no separate evaluation input is accepted,50000,2.5.2,3.12.14,1.6.1,2.13.0+cu130,[],20260922,2802e9f257f6f0eec2d31b38393a8e7031c2ca132d2894668f4b7230ac932151,50000,20260922,0.778,0.47356738047154884,0.8597006052174603,a1d70062dd40076cf21102ebf2ca81ba0420fcc0a743b5f93424d411e280e725,20260922,18,100,,,,,,,,,,,,,,,,,,,,,,,,,,,,,,,,,,
D2_0,random_forest,18032970,e9b28713e09bf612fe060a75241d8edbbe10dc6eb06aff7f3aab3f7f6e3ac02a,364,1142ecb81d085caa18d5a8ae43d8c5a4ac2ccaf5b9ac6b6e6536971e46ccba25,cpu,,6,,,1.140674099966418,"[25089,24911]","[14,3,25,6,7,10,25,20,10,100,2]",classical_income_classifier,random_forest,raw_category_codes_as_ordered_numeric,none; these are non-DP baseline models,1,Caller is responsible for disjoint evaluation rows; this function receives training arrays only.,20261931,"last input column S, explicitly supplied by caller",34cf77139a2aabbb63206ea939032dcdce6aaea3c87f38dfad8da6f718182221,binary_income_Y,6,X_with_S and y only; no separate evaluation input is accepted,50000,2.5.2,3.12.14,1.6.1,2.13.0+cu130,[],20261931,c62192acb9c418a70de9b82d77cb176a18a0b0463770779b3cf9b683fb001eba,50000,20260922,0.7783,0.47142837293663925,0.8583459987032198,6dcb0dbcb863c6bdd1cf70cbfdaa98712b1223a6a76b68701d8e1b6d3437b120,20261931,18,100,,,,,,,,,,,,,,,,,,,,,,,,,,,,,,,,,,
D2_50,random_forest,17958030,cc3848a616b818d4799e6953bfa6c9326896f6c306e56461ee9ac11080db3e95,364,1142ecb81d085caa18d5a8ae43d8c5a4ac2ccaf5b9ac6b6e6536971e46ccba25,cpu,,6,,,1.105723400018178,"[24976,25024]","[14,3,25,6,7,10,25,20,10,100,2]",classical_income_classifier,random_forest,raw_category_codes_as_ordered_numeric,none; these are non-DP baseline models,1,Caller is responsible for disjoint evaluation rows; this function receives training arrays only.,20262940,"last input column S, explicitly supplied by caller",34cf77139a2aabbb63206ea939032dcdce6aaea3c87f38dfad8da6f718182221,binary_income_Y,6,X_with_S and y only; no separate evaluation input is accepted,50000,2.5.2,3.12.14,1.6.1,2.13.0+cu130,[],20262940,a9a8a522d839eb6b784e84c4f358469a14a7b15620c568ef64a91c2f81ddfa9c,50000,20260922,0.7757,0.47311253858563324,0.856963869212094,0cf21c61abd080a542518b56b424cf3712b37e60e22e7c65197ee9bab45de336,20262940,18,100,,,,,,,,,,,,,,,,,,,,,,,,,,,,,,,,,,
D2_100,random_forest,18038025,6cb3a253018d9967c88266f7d082e060c044dbbdaf9a440a9e5f9ad97a21046d,364,1142ecb81d085caa18d5a8ae43d8c5a4ac2ccaf5b9ac6b6e6536971e46ccba25,cpu,,6,,,1.0944771000067703,"[25056,24944]","[14,3,25,6,7,10,25,20,10,100,2]",classical_income_classifier,random_forest,raw_category_codes_as_ordered_numeric,none; these are non-DP baseline models,1,Caller is responsible for disjoint evaluation rows; this function receives training arrays only.,20263949,"last input column S, explicitly supplied by caller",34cf77139a2aabbb63206ea939032dcdce6aaea3c87f38dfad8da6f718182221,binary_income_Y,6,X_with_S and y only; no separate evaluation input is accepted,50000,2.5.2,3.12.14,1.6.1,2.13.0+cu130,[],20263949,c8697bbe81c9c7b16bea7367d5187d2fcb1034f672dd3c55b22da72270fb45a9,50000,20260922,0.7746,0.47545888977736184,0.858744581813969,7bbac3ee5fe451d625e4869b29fc6dfce869907a273acc040de6c10f6bf67f62,20263949,18,100,,,,,,,,,,,,,,,,,,,,,,,,,,,,,,,,,,
D1,extra_trees,21583496,3f50ecce4ac50dbde3756479a0413a7649a1d23ca204af45e4c4069fb738a691,364,1142ecb81d085caa18d5a8ae43d8c5a4ac2ccaf5b9ac6b6e6536971e46ccba25,cpu,,6,,,1.033824199985247,"[25056,24944]","[14,3,25,6,7,10,25,20,10,100,2]",classical_income_classifier,extra_trees,raw_category_codes_as_ordered_numeric,none; these are non-DP baseline models,1,Caller is responsible for disjoint evaluation rows; this function receives training arrays only.,20260921,"last input column S, explicitly supplied by caller",34cf77139a2aabbb63206ea939032dcdce6aaea3c87f38dfad8da6f718182221,binary_income_Y,6,X_with_S and y only; no separate evaluation input is accepted,50000,2.5.2,3.12.14,1.6.1,2.13.0+cu130,[],20260921,af91bbcb3afdeb7a2a905c6d40b504bd94c1732d6aabf8a858c5111b1e09d593,50000,20260921,0.7746,0.4655942532612243,0.8603920200008834,ccf04534ff619ef2f2c0f459b3194dd12fae25c1004cab98742b8ec4e1009a96,20260921,18,100,,,,,,,,,,,,,,,,,,,,,,,,,,,,,,,,,,
D2_0,extra_trees,21681431,e4ad4d09a7bf1ca38dd8ee20165e5ae59585212fd5cbffed6d843b51250dfd84,364,1142ecb81d085caa18d5a8ae43d8c5a4ac2ccaf5b9ac6b6e6536971e46ccba25,cpu,,6,,,1.0376794000039808,"[25089,24911]","[14,3,25,6,7,10,25,20,10,100,2]",classical_income_classifier,extra_trees,raw_category_codes_as_ordered_numeric,none; these are non-DP baseline models,1,Caller is responsible for disjoint evaluation rows; this function receives training arrays only.,20261930,"last input column S, explicitly supplied by caller",34cf77139a2aabbb63206ea939032dcdce6aaea3c87f38dfad8da6f718182221,binary_income_Y,6,X_with_S and y only; no separate evaluation input is accepted,50000,2.5.2,3.12.14,1.6.1,2.13.0+cu130,[],20261930,6b262d86336187cbd07667e34fd30e4beacea58553dd0423261f53232d356c83,50000,20260921,0.7812,0.46765037423056144,0.8599663339586812,a9035cfc07a4f7ef089e34f17ccc1e6fbe570fbe3d88155fe1264d284289a530,20261930,18,100,,,,,,,,,,,,,,,,,,,,,,,,,,,,,,,,,,
D2_50,extra_trees,21647013,0ea153834d905236247b9f2f3cc7154cfa602dc5b905c85bdfb4b0b1d3ee1d3d,364,1142ecb81d085caa18d5a8ae43d8c5a4ac2ccaf5b9ac6b6e6536971e46ccba25,cpu,,6,,,1.0526309999986552,"[24976,25024]","[14,3,25,6,7,10,25,20,10,100,2]",classical_income_classifier,extra_trees,raw_category_codes_as_ordered_numeric,none; these are non-DP baseline models,1,Caller is responsible for disjoint evaluation rows; this function receives training arrays only.,20262939,"last input column S, explicitly supplied by caller",34cf77139a2aabbb63206ea939032dcdce6aaea3c87f38dfad8da6f718182221,binary_income_Y,6,X_with_S and y only; no separate evaluation input is accepted,50000,2.5.2,3.12.14,1.6.1,2.13.0+cu130,[],20262939,95db0e93014e3d589c58dbcd0f8e5c304842bafa94acc3a2d064eb08e40fbe4b,50000,20260921,0.7758,0.4681819520381734,0.8589272015661215,4ae67544307881f74b829b6da4d07c1be5f7341eaf799d9ccbb7eb4a5ab3d8fe,20262939,18,100,,,,,,,,,,,,,,,,,,,,,,,,,,,,,,,,,,
D2_100,extra_trees,21710420,1836e5b5e9ab1664dffcb7769d166ddfdf91d69348d5257971cc61cb2691fb21,364,1142ecb81d085caa18d5a8ae43d8c5a4ac2ccaf5b9ac6b6e6536971e46ccba25,cpu,,6,,,1.0513859000056982,"[25056,24944]","[14,3,25,6,7,10,25,20,10,100,2]",classical_income_classifier,extra_trees,raw_category_codes_as_ordered_numeric,none; these are non-DP baseline models,1,Caller is responsible for disjoint evaluation rows; this function receives training arrays only.,20263948,"last input column S, explicitly supplied by caller",34cf77139a2aabbb63206ea939032dcdce6aaea3c87f38dfad8da6f718182221,binary_income_Y,6,X_with_S and y only; no separate evaluation input is accepted,50000,2.5.2,3.12.14,1.6.1,2.13.0+cu130,[],20263948,6bc2d2e3e06db3c0432ad24a72bac04b5265d405f2790b88b36131f1565b3d35,50000,20260921,0.7759,0.465918952322523,0.8601964388468257,17dcbc88243718fd26e416178002d7f580a9a562f4dc2cbc71d5721bbfbd1983,20263948,18,100,,,,,,,,,,,,,,,,,,,,,,,,,,,,,,,,,,
D1,extra_trees,22071506,69b69abff6ca90891e61fbd639b466256db02323ccc7f24171c9fe4e8c56b1ba,364,1142ecb81d085caa18d5a8ae43d8c5a4ac2ccaf5b9ac6b6e6536971e46ccba25,cpu,,6,,,1.0577056999900378,"[25056,24944]","[14,3,25,6,7,10,25,20,10,100,2]",classical_income_classifier,extra_trees,raw_category_codes_as_ordered_numeric,none; these are non-DP baseline models,1,Caller is responsible for disjoint evaluation rows; this function receives training arrays only.,20260922,"last input column S, explicitly supplied by caller",34cf77139a2aabbb63206ea939032dcdce6aaea3c87f38dfad8da6f718182221,binary_income_Y,6,X_with_S and y only; no separate evaluation input is accepted,50000,2.5.2,3.12.14,1.6.1,2.13.0+cu130,[],20260922,43897953ee8f6a8548b9fea21ecb1306555d511e5821ecb173640e17549bfc24,50000,20260922,0.7739,0.46628481707639985,0.8598649629943974,d2cfbd44d8767f143302f673349e92eb5d27ae933e5fe85ab2b509605d6a3288,20260922,18,100,,,,,,,,,,,,,,,,,,,,,,,,,,,,,,,,,,
D2_0,extra_trees,21969936,f267cfbd4936c05ea9d49de06e593f454a8f5f69274f55199bb006a908ea47e7,364,1142ecb81d085caa18d5a8ae43d8c5a4ac2ccaf5b9ac6b6e6536971e46ccba25,cpu,,6,,,1.0792669000220485,"[25089,24911]","[14,3,25,6,7,10,25,20,10,100,2]",classical_income_classifier,extra_trees,raw_category_codes_as_ordered_numeric,none; these are non-DP baseline models,1,Caller is responsible for disjoint evaluation rows; this function receives training arrays only.,20261931,"last input column S, explicitly supplied by caller",34cf77139a2aabbb63206ea939032dcdce6aaea3c87f38dfad8da6f718182221,binary_income_Y,6,X_with_S and y only; no separate evaluation input is accepted,50000,2.5.2,3.12.14,1.6.1,2.13.0+cu130,[],20261931,8ec524524984ea8b328360f1a0bfd6d8a74cdf8ed393b51a6e90ed0990f2a0f6,50000,20260922,0.7792,0.4685638022687628,0.8592946813127308,e046944b97709fa1884a38405603f0eb97a9acf6f09894089008ac6152525823,20261931,18,100,,,,,,,,,,,,,,,,,,,,,,,,,,,,,,,,,,
D2_50,extra_trees,21323656,92fe98d2b8546ca96750ec4d677a044147bee50858e57edf5f65cace8a995482,364,1142ecb81d085caa18d5a8ae43d8c5a4ac2ccaf5b9ac6b6e6536971e46ccba25,cpu,,6,,,1.030714699998498,"[24976,25024]","[14,3,25,6,7,10,25,20,10,100,2]",classical_income_classifier,extra_trees,raw_category_codes_as_ordered_numeric,none; these are non-DP baseline models,1,Caller is responsible for disjoint evaluation rows; this function receives training arrays only.,20262940,"last input column S, explicitly supplied by caller",34cf77139a2aabbb63206ea939032dcdce6aaea3c87f38dfad8da6f718182221,binary_income_Y,6,X_with_S and y only; no separate evaluation input is accepted,50000,2.5.2,3.12.14,1.6.1,2.13.0+cu130,[],20262940,a319460ed7fbdee38538c96b6610932a79aa2cfb45eb42783ccb52e827c049a6,50000,20260922,0.7777,0.46781427130013414,0.8593680292460433,42d887d0c482212fd8a92155e2677b136305882658c41815ee8f83f302fef2ed,20262940,18,100,,,,,,,,,,,,,,,,,,,,,,,,,,,,,,,,,,
D2_100,extra_trees,21724868,0d552369c5a497d738d0ef2dc598a249fc457f3bacc6825b6e394f824b26b2bc,364,1142ecb81d085caa18d5a8ae43d8c5a4ac2ccaf5b9ac6b6e6536971e46ccba25,cpu,,6,,,1.0485609999741428,"[25056,24944]","[14,3,25,6,7,10,25,20,10,100,2]",classical_income_classifier,extra_trees,raw_category_codes_as_ordered_numeric,none; these are non-DP baseline models,1,Caller is responsible for disjoint evaluation rows; this function receives training arrays only.,20263949,"last input column S, explicitly supplied by caller",34cf77139a2aabbb63206ea939032dcdce6aaea3c87f38dfad8da6f718182221,binary_income_Y,6,X_with_S and y only; no separate evaluation input is accepted,50000,2.5.2,3.12.14,1.6.1,2.13.0+cu130,[],20263949,9df8bba0da549cc6270ac9ad70392ac07ab2dc12640783a73193a4d399700d80,50000,20260922,0.7753,0.4664609768700998,0.8599029271005952,879fe52259b2688d7973b8f38fc248a5e14f053cc2063d9def19898c57e0ee4f,20263949,18,100,,,,,,,,,,,,,,,,,,,,,,,,,,,,,,,,,,
D1,hist_gradient_boosting,203750,cfccf00676f94fe65272f3373bea6c6c81a94c0409745fe22ae4098432c06c5a,365,ab5742d6b86291f53abae479b597104164d49365b842723fb128f01a132d96fb,cpu,,,,,0.306272900023032,"[25056,24944]","[14,3,25,6,7,10,25,20,10,100,2]",classical_income_classifier,hist_gradient_boosting,native_categorical_fixed_integer_codes,none; these are non-DP baseline models,1,Caller is responsible for disjoint evaluation rows; this function receives training arrays only.,20260921,"last input column S, explicitly supplied by caller",34cf77139a2aabbb63206ea939032dcdce6aaea3c87f38dfad8da6f718182221,binary_income_Y,6,X_with_S and y only; no separate evaluation input is accepted,50000,2.5.2,3.12.14,1.6.1,2.13.0+cu130,[],20260921,77bd32482c5067206cefa262cfc149227605a54bb2cad7fe22e1c55cefeec24a,50000,20260921,0.7904,0.4451274070340025,0.8734067476738283,76cc37b5148dd2e6798111d048228ed5ed9a0992704ca1c109c92bf6617d6c34,20260921,,,"[true,true,true,true,true,true,true,true,true,true,true]",False,120,31,,,,,,,,,,,,,,,,,,,,,,,,,,,,,,
D2_0,hist_gradient_boosting,203790,6fba4c1c22f34e7551c52d11298ae90e679a8b2daaa69da29b3ecbb487990494,365,ab5742d6b86291f53abae479b597104164d49365b842723fb128f01a132d96fb,cpu,,,,,0.28415630001109093,"[25089,24911]","[14,3,25,6,7,10,25,20,10,100,2]",classical_income_classifier,hist_gradient_boosting,native_categorical_fixed_integer_codes,none; these are non-DP baseline models,1,Caller is responsible for disjoint evaluation rows; this function receives training arrays only.,20261930,"last input column S, explicitly supplied by caller",34cf77139a2aabbb63206ea939032dcdce6aaea3c87f38dfad8da6f718182221,binary_income_Y,6,X_with_S and y only; no separate evaluation input is accepted,50000,2.5.2,3.12.14,1.6.1,2.13.0+cu130,[],20261930,498fa7b075fd6d9527579f1c5b04f96c42998e55b9dca7cddf6e2a58ed1c6c11,50000,20260921,0.7866,0.4486227032057155,0.8709057571666952,eeff0f329cfafac83dcb5efe06f84c8ebd4c4b68b476427369d485692bb2bf4d,20261930,,,"[true,true,true,true,true,true,true,true,true,true,true]",False,120,31,,,,,,,,,,,,,,,,,,,,,,,,,,,,,,
D2_50,hist_gradient_boosting,203984,1f80ce1107b46551111eed0e77feba8c57224b2ecf4ba2e2bc7b770683d58d28,365,ab5742d6b86291f53abae479b597104164d49365b842723fb128f01a132d96fb,cpu,,,,,0.2885253000422381,"[24976,25024]","[14,3,25,6,7,10,25,20,10,100,2]",classical_income_classifier,hist_gradient_boosting,native_categorical_fixed_integer_codes,none; these are non-DP baseline models,1,Caller is responsible for disjoint evaluation rows; this function receives training arrays only.,20262939,"last input column S, explicitly supplied by caller",34cf77139a2aabbb63206ea939032dcdce6aaea3c87f38dfad8da6f718182221,binary_income_Y,6,X_with_S and y only; no separate evaluation input is accepted,50000,2.5.2,3.12.14,1.6.1,2.13.0+cu130,[],20262939,3162a11fa0bc16c751f0d233ad182659ab84be333d384f62c6d2cd9f5336524a,50000,20260921,0.7897,0.4459167753128755,0.8728440468121031,69a1a99bd46ab0bda736163534df28d048d1f286c77feec8a8e1da41636a29f8,20262939,,,"[true,true,true,true,true,true,true,true,true,true,true]",False,120,31,,,,,,,,,,,,,,,,,,,,,,,,,,,,,,
D2_100,hist_gradient_boosting,203754,e66fffe888a717e93c41190118b806e98b7705cc87a537af0a58e1b8ffdc22c4,365,ab5742d6b86291f53abae479b597104164d49365b842723fb128f01a132d96fb,cpu,,,,,0.287033699976746,"[25056,24944]","[14,3,25,6,7,10,25,20,10,100,2]",classical_income_classifier,hist_gradient_boosting,native_categorical_fixed_integer_codes,none; these are non-DP baseline models,1,Caller is responsible for disjoint evaluation rows; this function receives training arrays only.,20263948,"last input column S, explicitly supplied by caller",34cf77139a2aabbb63206ea939032dcdce6aaea3c87f38dfad8da6f718182221,binary_income_Y,6,X_with_S and y only; no separate evaluation input is accepted,50000,2.5.2,3.12.14,1.6.1,2.13.0+cu130,[],20263948,77bd32482c5067206cefa262cfc149227605a54bb2cad7fe22e1c55cefeec24a,50000,20260921,0.7904,0.4451274070340025,0.8734067476738283,76cc37b5148dd2e6798111d048228ed5ed9a0992704ca1c109c92bf6617d6c34,20263948,,,"[true,true,true,true,true,true,true,true,true,true,true]",False,120,31,,,,,,,,,,,,,,,,,,,,,,,,,,,,,,
D1,hist_gradient_boosting,203750,21cf086db331fcd0122c0574dfda606d63abc7698b8668b3b3d95a255c76e7e8,365,ab5742d6b86291f53abae479b597104164d49365b842723fb128f01a132d96fb,cpu,,,,,0.32141700002830476,"[25056,24944]","[14,3,25,6,7,10,25,20,10,100,2]",classical_income_classifier,hist_gradient_boosting,native_categorical_fixed_integer_codes,none; these are non-DP baseline models,1,Caller is responsible for disjoint evaluation rows; this function receives training arrays only.,20260922,"last input column S, explicitly supplied by caller",34cf77139a2aabbb63206ea939032dcdce6aaea3c87f38dfad8da6f718182221,binary_income_Y,6,X_with_S and y only; no separate evaluation input is accepted,50000,2.5.2,3.12.14,1.6.1,2.13.0+cu130,[],20260922,77bd32482c5067206cefa262cfc149227605a54bb2cad7fe22e1c55cefeec24a,50000,20260922,0.7904,0.4451274070340025,0.8734067476738283,76cc37b5148dd2e6798111d048228ed5ed9a0992704ca1c109c92bf6617d6c34,20260922,,,"[true,true,true,true,true,true,true,true,true,true,true]",False,120,31,,,,,,,,,,,,,,,,,,,,,,,,,,,,,,
D2_0,hist_gradient_boosting,203787,2e5cfcddc68816c54776919139565ad8a73312a01fdf52e010614545b3789e50,365,ab5742d6b86291f53abae479b597104164d49365b842723fb128f01a132d96fb,cpu,,,,,0.3174001000006683,"[25089,24911]","[14,3,25,6,7,10,25,20,10,100,2]",classical_income_classifier,hist_gradient_boosting,native_categorical_fixed_integer_codes,none; these are non-DP baseline models,1,Caller is responsible for disjoint evaluation rows; this function receives training arrays only.,20261931,"last input column S, explicitly supplied by caller",34cf77139a2aabbb63206ea939032dcdce6aaea3c87f38dfad8da6f718182221,binary_income_Y,6,X_with_S and y only; no separate evaluation input is accepted,50000,2.5.2,3.12.14,1.6.1,2.13.0+cu130,[],20261931,498fa7b075fd6d9527579f1c5b04f96c42998e55b9dca7cddf6e2a58ed1c6c11,50000,20260922,0.7866,0.4486227032057155,0.8709057571666952,eeff0f329cfafac83dcb5efe06f84c8ebd4c4b68b476427369d485692bb2bf4d,20261931,,,"[true,true,true,true,true,true,true,true,true,true,true]",False,120,31,,,,,,,,,,,,,,,,,,,,,,,,,,,,,,
D2_50,hist_gradient_boosting,203982,2aa7f7e23d20be918a77d99b0752cf5b519d714b50767a345425efe9e9359072,365,ab5742d6b86291f53abae479b597104164d49365b842723fb128f01a132d96fb,cpu,,,,,0.30261730001075193,"[24976,25024]","[14,3,25,6,7,10,25,20,10,100,2]",classical_income_classifier,hist_gradient_boosting,native_categorical_fixed_integer_codes,none; these are non-DP baseline models,1,Caller is responsible for disjoint evaluation rows; this function receives training arrays only.,20262940,"last input column S, explicitly supplied by caller",34cf77139a2aabbb63206ea939032dcdce6aaea3c87f38dfad8da6f718182221,binary_income_Y,6,X_with_S and y only; no separate evaluation input is accepted,50000,2.5.2,3.12.14,1.6.1,2.13.0+cu130,[],20262940,3162a11fa0bc16c751f0d233ad182659ab84be333d384f62c6d2cd9f5336524a,50000,20260922,0.7897,0.4459167753128755,0.8728440468121031,69a1a99bd46ab0bda736163534df28d048d1f286c77feec8a8e1da41636a29f8,20262940,,,"[true,true,true,true,true,true,true,true,true,true,true]",False,120,31,,,,,,,,,,,,,,,,,,,,,,,,,,,,,,
D2_100,hist_gradient_boosting,203751,cfefea1246e5a748ba59520c7bafcd9576ec1c4f70de3082c10c7e8c88a64124,365,ab5742d6b86291f53abae479b597104164d49365b842723fb128f01a132d96fb,cpu,,,,,0.31094389996724203,"[25056,24944]","[14,3,25,6,7,10,25,20,10,100,2]",classical_income_classifier,hist_gradient_boosting,native_categorical_fixed_integer_codes,none; these are non-DP baseline models,1,Caller is responsible for disjoint evaluation rows; this function receives training arrays only.,20263949,"last input column S, explicitly supplied by caller",34cf77139a2aabbb63206ea939032dcdce6aaea3c87f38dfad8da6f718182221,binary_income_Y,6,X_with_S and y only; no separate evaluation input is accepted,50000,2.5.2,3.12.14,1.6.1,2.13.0+cu130,[],20263949,77bd32482c5067206cefa262cfc149227605a54bb2cad7fe22e1c55cefeec24a,50000,20260922,0.7904,0.4451274070340025,0.8734067476738283,76cc37b5148dd2e6798111d048228ed5ed9a0992704ca1c109c92bf6617d6c34,20263949,,,"[true,true,true,true,true,true,true,true,true,true,true]",False,120,31,,,,,,,,,,,,,,,,,,,,,,,,,,,,,,
D1,xgboost,171552,2d87ab5e8e529bbff3be510981ee7d4056d1c98b2dbc3b31e8e2eabf065b61ca,364,1142ecb81d085caa18d5a8ae43d8c5a4ac2ccaf5b9ac6b6e6536971e46ccba25,cpu,,6,,,0.21640789997763932,"[25056,24944]","[14,3,25,6,7,10,25,20,10,100,2]",classical_income_classifier,xgboost,raw_category_codes_as_ordered_numeric,none; these are non-DP baseline models,1,Caller is responsible for disjoint evaluation rows; this function receives training arrays only.,20260921,"last input column S, explicitly supplied by caller",34cf77139a2aabbb63206ea939032dcdce6aaea3c87f38dfad8da6f718182221,binary_income_Y,6,X_with_S and y only; no separate evaluation input is accepted,50000,2.5.2,3.12.14,1.6.1,2.13.0+cu130,[],20260921,b82ee7a4d8e74152cc84f8fbe6418fb5b098ca85b0bab3d96b9de729c983b1ca,50000,20260921,0.791,0.4444228672489421,0.8735633446113532,c740d9b565e55bfa928b0602c72fe50330c138164db803357f00f13849f25017,20260921,6,120,,,,,logloss,0.1,binary:logistic,hist,2.1.4,,,,,,,,,,,,,,,,,,,,,,,,,
D2_0,xgboost,176782,a525f28c84294ff3356f2e78db503d97c9ca813761185895151afa6c96b5ef02,364,1142ecb81d085caa18d5a8ae43d8c5a4ac2ccaf5b9ac6b6e6536971e46ccba25,cpu,,6,,,0.12636530003510416,"[25089,24911]","[14,3,25,6,7,10,25,20,10,100,2]",classical_income_classifier,xgboost,raw_category_codes_as_ordered_numeric,none; these are non-DP baseline models,1,Caller is responsible for disjoint evaluation rows; this function receives training arrays only.,20261930,"last input column S, explicitly supplied by caller",34cf77139a2aabbb63206ea939032dcdce6aaea3c87f38dfad8da6f718182221,binary_income_Y,6,X_with_S and y only; no separate evaluation input is accepted,50000,2.5.2,3.12.14,1.6.1,2.13.0+cu130,[],20261930,07b29e86794a2acf4d7f23b3c6a30bf83a045b16aa535e11b2f00425ebad60af,50000,20260921,0.7883,0.4481490328078783,0.8712815378111296,857c8ad9e4c0858b502102bc434dcf2b5d63a4ad60cbd93b0c09fe4cb7514432,20261930,6,120,,,,,logloss,0.1,binary:logistic,hist,2.1.4,,,,,,,,,,,,,,,,,,,,,,,,,
D2_50,xgboost,176474,4ae574a6e0ef7ce0d2eb34da496777d1a0bf24f256aef471df8546f7d02ed2cc,364,1142ecb81d085caa18d5a8ae43d8c5a4ac2ccaf5b9ac6b6e6536971e46ccba25,cpu,,6,,,0.12379699997836724,"[24976,25024]","[14,3,25,6,7,10,25,20,10,100,2]",classical_income_classifier,xgboost,raw_category_codes_as_ordered_numeric,none; these are non-DP baseline models,1,Caller is responsible for disjoint evaluation rows; this function receives training arrays only.,20262939,"last input column S, explicitly supplied by caller",34cf77139a2aabbb63206ea939032dcdce6aaea3c87f38dfad8da6f718182221,binary_income_Y,6,X_with_S and y only; no separate evaluation input is accepted,50000,2.5.2,3.12.14,1.6.1,2.13.0+cu130,[],20262939,ff4db7eaa6954b96bcec2460042a3978a4af959ec17b29750be30eb3f146211a,50000,20260921,0.79,0.4446762645199261,0.8733590025097115,91391c30649b6ffbfeab19654b3e62ba9f3a49a588e6a2c3ac5f353b22a5ed5c,20262939,6,120,,,,,logloss,0.1,binary:logistic,hist,2.1.4,,,,,,,,,,,,,,,,,,,,,,,,,
D2_100,xgboost,171552,e56d2bace7d0f76daf821b8c4b5a6ee318599ac271146d01f78665657f409813,364,1142ecb81d085caa18d5a8ae43d8c5a4ac2ccaf5b9ac6b6e6536971e46ccba25,cpu,,6,,,0.12509029998909682,"[25056,24944]","[14,3,25,6,7,10,25,20,10,100,2]",classical_income_classifier,xgboost,raw_category_codes_as_ordered_numeric,none; these are non-DP baseline models,1,Caller is responsible for disjoint evaluation rows; this function receives training arrays only.,20263948,"last input column S, explicitly supplied by caller",34cf77139a2aabbb63206ea939032dcdce6aaea3c87f38dfad8da6f718182221,binary_income_Y,6,X_with_S and y only; no separate evaluation input is accepted,50000,2.5.2,3.12.14,1.6.1,2.13.0+cu130,[],20263948,b82ee7a4d8e74152cc84f8fbe6418fb5b098ca85b0bab3d96b9de729c983b1ca,50000,20260921,0.791,0.4444228672489421,0.8735633446113532,c740d9b565e55bfa928b0602c72fe50330c138164db803357f00f13849f25017,20263948,6,120,,,,,logloss,0.1,binary:logistic,hist,2.1.4,,,,,,,,,,,,,,,,,,,,,,,,,
D1,xgboost,171551,82325a5012cdad0e1414677684a5a91197fed1e7fa198b8cc843f1930a5f74e1,364,1142ecb81d085caa18d5a8ae43d8c5a4ac2ccaf5b9ac6b6e6536971e46ccba25,cpu,,6,,,0.13074069999856874,"[25056,24944]","[14,3,25,6,7,10,25,20,10,100,2]",classical_income_classifier,xgboost,raw_category_codes_as_ordered_numeric,none; these are non-DP baseline models,1,Caller is responsible for disjoint evaluation rows; this function receives training arrays only.,20260922,"last input column S, explicitly supplied by caller",34cf77139a2aabbb63206ea939032dcdce6aaea3c87f38dfad8da6f718182221,binary_income_Y,6,X_with_S and y only; no separate evaluation input is accepted,50000,2.5.2,3.12.14,1.6.1,2.13.0+cu130,[],20260922,b82ee7a4d8e74152cc84f8fbe6418fb5b098ca85b0bab3d96b9de729c983b1ca,50000,20260922,0.791,0.4444228672489421,0.8735633446113532,c740d9b565e55bfa928b0602c72fe50330c138164db803357f00f13849f25017,20260922,6,120,,,,,logloss,0.1,binary:logistic,hist,2.1.4,,,,,,,,,,,,,,,,,,,,,,,,,
D2_0,xgboost,176783,bd80d388846a954b3b53f58e28bbf5a06286dcf4366e0862735d9febb6bd4dab,364,1142ecb81d085caa18d5a8ae43d8c5a4ac2ccaf5b9ac6b6e6536971e46ccba25,cpu,,6,,,0.12400560005335137,"[25089,24911]","[14,3,25,6,7,10,25,20,10,100,2]",classical_income_classifier,xgboost,raw_category_codes_as_ordered_numeric,none; these are non-DP baseline models,1,Caller is responsible for disjoint evaluation rows; this function receives training arrays only.,20261931,"last input column S, explicitly supplied by caller",34cf77139a2aabbb63206ea939032dcdce6aaea3c87f38dfad8da6f718182221,binary_income_Y,6,X_with_S and y only; no separate evaluation input is accepted,50000,2.5.2,3.12.14,1.6.1,2.13.0+cu130,[],20261931,07b29e86794a2acf4d7f23b3c6a30bf83a045b16aa535e11b2f00425ebad60af,50000,20260922,0.7883,0.4481490328078783,0.8712815378111296,857c8ad9e4c0858b502102bc434dcf2b5d63a4ad60cbd93b0c09fe4cb7514432,20261931,6,120,,,,,logloss,0.1,binary:logistic,hist,2.1.4,,,,,,,,,,,,,,,,,,,,,,,,,
D2_50,xgboost,176473,4965d6d9451829dc794ba21af636147580f11014b88a8cc4b1a0f29514cf330e,364,1142ecb81d085caa18d5a8ae43d8c5a4ac2ccaf5b9ac6b6e6536971e46ccba25,cpu,,6,,,0.12297640001634136,"[24976,25024]","[14,3,25,6,7,10,25,20,10,100,2]",classical_income_classifier,xgboost,raw_category_codes_as_ordered_numeric,none; these are non-DP baseline models,1,Caller is responsible for disjoint evaluation rows; this function receives training arrays only.,20262940,"last input column S, explicitly supplied by caller",34cf77139a2aabbb63206ea939032dcdce6aaea3c87f38dfad8da6f718182221,binary_income_Y,6,X_with_S and y only; no separate evaluation input is accepted,50000,2.5.2,3.12.14,1.6.1,2.13.0+cu130,[],20262940,ff4db7eaa6954b96bcec2460042a3978a4af959ec17b29750be30eb3f146211a,50000,20260922,0.79,0.4446762645199261,0.8733590025097115,91391c30649b6ffbfeab19654b3e62ba9f3a49a588e6a2c3ac5f353b22a5ed5c,20262940,6,120,,,,,logloss,0.1,binary:logistic,hist,2.1.4,,,,,,,,,,,,,,,,,,,,,,,,,
D2_100,xgboost,171552,f48077ec000762c882b93840f692770d3dd91ec30b052373c2fc074c16f57341,364,1142ecb81d085caa18d5a8ae43d8c5a4ac2ccaf5b9ac6b6e6536971e46ccba25,cpu,,6,,,0.1249493999639526,"[25056,24944]","[14,3,25,6,7,10,25,20,10,100,2]",classical_income_classifier,xgboost,raw_category_codes_as_ordered_numeric,none; these are non-DP baseline models,1,Caller is responsible for disjoint evaluation rows; this function receives training arrays only.,20263949,"last input column S, explicitly supplied by caller",34cf77139a2aabbb63206ea939032dcdce6aaea3c87f38dfad8da6f718182221,binary_income_Y,6,X_with_S and y only; no separate evaluation input is accepted,50000,2.5.2,3.12.14,1.6.1,2.13.0+cu130,[],20263949,b82ee7a4d8e74152cc84f8fbe6418fb5b098ca85b0bab3d96b9de729c983b1ca,50000,20260922,0.791,0.4444228672489421,0.8735633446113532,c740d9b565e55bfa928b0602c72fe50330c138164db803357f00f13849f25017,20263949,6,120,,,,,logloss,0.1,binary:logistic,hist,2.1.4,,,,,,,,,,,,,,,,,,,,,,,,,
D1,logistic_regression,3078,0efcff7d6651f3fa8da11a2c8b74863ef5be2ddbbaa361157878e9ecd902ff57,351,e8afbf8267f033a48fbd646e821a0b017de471a3e6015be2bec1d4b8ef458ef6,cpu,,,,,0.13714120001532137,"[25056,24944]","[14,3,25,6,7,10,25,20,10,100,2]",classical_income_classifier,logistic_regression,fixed_vocabulary_one_hot,none; these are non-DP baseline models,1,Caller is responsible for disjoint evaluation rows; this function receives training arrays only.,20260921,"last input column S, explicitly supplied by caller",34cf77139a2aabbb63206ea939032dcdce6aaea3c87f38dfad8da6f718182221,binary_income_Y,6,X_with_S and y only; no separate evaluation input is accepted,50000,2.5.2,3.12.14,1.6.1,2.13.0+cu130,"[{""category"":""OptimizeWarning"",""message"":""Unknown solver options: iprint""}]",20260921,fa1366e34b81fba5e638887b4b15f2ba897c90b5973cd18823253b75aa0ab3c7,50000,20260921,0.7892,0.45464309237785216,0.8676198417620851,5ab629ed08c3c6d47b6e283284555dc6d42c51cbecf9c22a7af3ab3ffdd0a6b3,20260921,,,,,300,,,,,,,1.0,,,,,,,,,,,,,,,,,,,,,,,,
D2_0,logistic_regression,3075,b6e68faa133171f499354b449e2dbad3ea87e32720ab23878c6d9cecf2bb1c17,351,e8afbf8267f033a48fbd646e821a0b017de471a3e6015be2bec1d4b8ef458ef6,cpu,,,,,0.16500849998556077,"[25089,24911]","[14,3,25,6,7,10,25,20,10,100,2]",classical_income_classifier,logistic_regression,fixed_vocabulary_one_hot,none; these are non-DP baseline models,1,Caller is responsible for disjoint evaluation rows; this function receives training arrays only.,20261930,"last input column S, explicitly supplied by caller",34cf77139a2aabbb63206ea939032dcdce6aaea3c87f38dfad8da6f718182221,binary_income_Y,6,X_with_S and y only; no separate evaluation input is accepted,50000,2.5.2,3.12.14,1.6.1,2.13.0+cu130,"[{""category"":""OptimizeWarning"",""message"":""Unknown solver options: iprint""}]",20261930,19bb1b9344ebceae87a9d835e108e71b488f18dcb1e810978779d9b36f7da993,50000,20260921,0.7891,0.454877538708178,0.867409859050355,366396726e0f53e10814c37f8504d22896603be615b727129f226b5749540948,20261930,,,,,300,,,,,,,1.0,,,,,,,,,,,,,,,,,,,,,,,,
D2_50,logistic_regression,3067,e7a352b28c7161c9bb6099e7f7784efcdd8dd1d5cbf961d7a0d343ecc3ac7db1,351,e8afbf8267f033a48fbd646e821a0b017de471a3e6015be2bec1d4b8ef458ef6,cpu,,,,,0.15123899996979162,"[24976,25024]","[14,3,25,6,7,10,25,20,10,100,2]",classical_income_classifier,logistic_regression,fixed_vocabulary_one_hot,none; these are non-DP baseline models,1,Caller is responsible for disjoint evaluation rows; this function receives training arrays only.,20262939,"last input column S, explicitly supplied by caller",34cf77139a2aabbb63206ea939032dcdce6aaea3c87f38dfad8da6f718182221,binary_income_Y,6,X_with_S and y only; no separate evaluation input is accepted,50000,2.5.2,3.12.14,1.6.1,2.13.0+cu130,"[{""category"":""OptimizeWarning"",""message"":""Unknown solver options: iprint""}]",20262939,ab0a9927b38e684f4b7de5c88b1a991e243d39403606d0861415df42291ef5e5,50000,20260921,0.7884,0.45419655655869073,0.867938316208281,700a8d7d7a43c0ac772afd0552ad97aca4b8a622166a8b21f845d38c9b5b4fe1,20262939,,,,,300,,,,,,,1.0,,,,,,,,,,,,,,,,,,,,,,,,
D2_100,logistic_regression,3078,f4024466945d5479ade8f34860dfaf5095f08c11c065f7a12f067a112b31b4dc,351,e8afbf8267f033a48fbd646e821a0b017de471a3e6015be2bec1d4b8ef458ef6,cpu,,,,,0.13870190002489835,"[25056,24944]","[14,3,25,6,7,10,25,20,10,100,2]",classical_income_classifier,logistic_regression,fixed_vocabulary_one_hot,none; these are non-DP baseline models,1,Caller is responsible for disjoint evaluation rows; this function receives training arrays only.,20263948,"last input column S, explicitly supplied by caller",34cf77139a2aabbb63206ea939032dcdce6aaea3c87f38dfad8da6f718182221,binary_income_Y,6,X_with_S and y only; no separate evaluation input is accepted,50000,2.5.2,3.12.14,1.6.1,2.13.0+cu130,"[{""category"":""OptimizeWarning"",""message"":""Unknown solver options: iprint""}]",20263948,fa1366e34b81fba5e638887b4b15f2ba897c90b5973cd18823253b75aa0ab3c7,50000,20260921,0.7892,0.45464309237785216,0.8676198417620851,5ab629ed08c3c6d47b6e283284555dc6d42c51cbecf9c22a7af3ab3ffdd0a6b3,20263948,,,,,300,,,,,,,1.0,,,,,,,,,,,,,,,,,,,,,,,,
D1,logistic_regression,3078,d392383283447dfe828add1853493e203a1b71a7dd7bf0a74a0e2de381900fdf,351,e8afbf8267f033a48fbd646e821a0b017de471a3e6015be2bec1d4b8ef458ef6,cpu,,,,,0.13467979995766655,"[25056,24944]","[14,3,25,6,7,10,25,20,10,100,2]",classical_income_classifier,logistic_regression,fixed_vocabulary_one_hot,none; these are non-DP baseline models,1,Caller is responsible for disjoint evaluation rows; this function receives training arrays only.,20260922,"last input column S, explicitly supplied by caller",34cf77139a2aabbb63206ea939032dcdce6aaea3c87f38dfad8da6f718182221,binary_income_Y,6,X_with_S and y only; no separate evaluation input is accepted,50000,2.5.2,3.12.14,1.6.1,2.13.0+cu130,"[{""category"":""OptimizeWarning"",""message"":""Unknown solver options: iprint""}]",20260922,fa1366e34b81fba5e638887b4b15f2ba897c90b5973cd18823253b75aa0ab3c7,50000,20260922,0.7892,0.45464309237785216,0.8676198417620851,5ab629ed08c3c6d47b6e283284555dc6d42c51cbecf9c22a7af3ab3ffdd0a6b3,20260922,,,,,300,,,,,,,1.0,,,,,,,,,,,,,,,,,,,,,,,,
D2_0,logistic_regression,3075,0a1c8e8fac65c65070bb697f04b538bd7d8e4a74ecf253b9a53e7d8cdae06f38,351,e8afbf8267f033a48fbd646e821a0b017de471a3e6015be2bec1d4b8ef458ef6,cpu,,,,,0.15613429999211803,"[25089,24911]","[14,3,25,6,7,10,25,20,10,100,2]",classical_income_classifier,logistic_regression,fixed_vocabulary_one_hot,none; these are non-DP baseline models,1,Caller is responsible for disjoint evaluation rows; this function receives training arrays only.,20261931,"last input column S, explicitly supplied by caller",34cf77139a2aabbb63206ea939032dcdce6aaea3c87f38dfad8da6f718182221,binary_income_Y,6,X_with_S and y only; no separate evaluation input is accepted,50000,2.5.2,3.12.14,1.6.1,2.13.0+cu130,"[{""category"":""OptimizeWarning"",""message"":""Unknown solver options: iprint""}]",20261931,19bb1b9344ebceae87a9d835e108e71b488f18dcb1e810978779d9b36f7da993,50000,20260922,0.7891,0.454877538708178,0.867409859050355,366396726e0f53e10814c37f8504d22896603be615b727129f226b5749540948,20261931,,,,,300,,,,,,,1.0,,,,,,,,,,,,,,,,,,,,,,,,
D2_50,logistic_regression,3067,3e3cb3dece42806dde6f4da897593e8f1b1df5d22f48ded0d0d90aa27489877e,351,e8afbf8267f033a48fbd646e821a0b017de471a3e6015be2bec1d4b8ef458ef6,cpu,,,,,0.14913570001954213,"[24976,25024]","[14,3,25,6,7,10,25,20,10,100,2]",classical_income_classifier,logistic_regression,fixed_vocabulary_one_hot,none; these are non-DP baseline models,1,Caller is responsible for disjoint evaluation rows; this function receives training arrays only.,20262940,"last input column S, explicitly supplied by caller",34cf77139a2aabbb63206ea939032dcdce6aaea3c87f38dfad8da6f718182221,binary_income_Y,6,X_with_S and y only; no separate evaluation input is accepted,50000,2.5.2,3.12.14,1.6.1,2.13.0+cu130,"[{""category"":""OptimizeWarning"",""message"":""Unknown solver options: iprint""}]",20262940,ab0a9927b38e684f4b7de5c88b1a991e243d39403606d0861415df42291ef5e5,50000,20260922,0.7884,0.45419655655869073,0.867938316208281,700a8d7d7a43c0ac772afd0552ad97aca4b8a622166a8b21f845d38c9b5b4fe1,20262940,,,,,300,,,,,,,1.0,,,,,,,,,,,,,,,,,,,,,,,,
D2_100,logistic_regression,3078,0259e50fabfc7fad274761b93a60676b2c80ef7076a7c60038db93370406a816,351,e8afbf8267f033a48fbd646e821a0b017de471a3e6015be2bec1d4b8ef458ef6,cpu,,,,,0.1384719000197947,"[25056,24944]","[14,3,25,6,7,10,25,20,10,100,2]",classical_income_classifier,logistic_regression,fixed_vocabulary_one_hot,none; these are non-DP baseline models,1,Caller is responsible for disjoint evaluation rows; this function receives training arrays only.,20263949,"last input column S, explicitly supplied by caller",34cf77139a2aabbb63206ea939032dcdce6aaea3c87f38dfad8da6f718182221,binary_income_Y,6,X_with_S and y only; no separate evaluation input is accepted,50000,2.5.2,3.12.14,1.6.1,2.13.0+cu130,"[{""category"":""OptimizeWarning"",""message"":""Unknown solver options: iprint""}]",20263949,fa1366e34b81fba5e638887b4b15f2ba897c90b5973cd18823253b75aa0ab3c7,50000,20260922,0.7892,0.45464309237785216,0.8676198417620851,5ab629ed08c3c6d47b6e283284555dc6d42c51cbecf9c22a7af3ab3ffdd0a6b3,20263949,,,,,300,,,,,,,1.0,,,,,,,,,,,,,,,,,,,,,,,,
D1,mlp,558677,7324b54b9accb3ab9bb7005ac6e5c04c243906ea23b205781cf3bdbe4d4b0b30,351,e8afbf8267f033a48fbd646e821a0b017de471a3e6015be2bec1d4b8ef458ef6,cpu,,,,,13.37407910003094,"[25056,24944]","[14,3,25,6,7,10,25,20,10,100,2]",classical_income_classifier,mlp,fixed_vocabulary_one_hot,none; these are non-DP baseline models,1,Caller is responsible for disjoint evaluation rows; this function receives training arrays only.,20260921,"last input column S, explicitly supplied by caller",34cf77139a2aabbb63206ea939032dcdce6aaea3c87f38dfad8da6f718182221,binary_income_Y,6,X_with_S and y only; no separate evaluation input is accepted,50000,2.5.2,3.12.14,1.6.1,2.13.0+cu130,"[{""category"":""ConvergenceWarning"",""message"":""Stochastic Optimizer: Maximum iterations (100) reached and the optimization hasn't converged yet.""}]",20260921,fa36f5bcf62403fcae4d46fcf6a60e9a1a64830218c316fd076e998ffd71e7dc,50000,20260921,0.7493,1.1504411122654576,0.8051143811714675,0ada3a324b16a2b35197cd5175e903e459c1ace1c0814e7247e27a4f6fc37d83,20260921,,,,False,100,,,,,,,,512,"[128,64]",,,,,,,,,,,,,,,,,,,,,,
D2_0,mlp,558396,9a144b0464da10f795b6b82191eecebfc289ead7e6614e09e4c498347514bed4,351,e8afbf8267f033a48fbd646e821a0b017de471a3e6015be2bec1d4b8ef458ef6,cpu,,,,,13.628801300015766,"[25089,24911]","[14,3,25,6,7,10,25,20,10,100,2]",classical_income_classifier,mlp,fixed_vocabulary_one_hot,none; these are non-DP baseline models,1,Caller is responsible for disjoint evaluation rows; this function receives training arrays only.,20261930,"last input column S, explicitly supplied by caller",34cf77139a2aabbb63206ea939032dcdce6aaea3c87f38dfad8da6f718182221,binary_income_Y,6,X_with_S and y only; no separate evaluation input is accepted,50000,2.5.2,3.12.14,1.6.1,2.13.0+cu130,"[{""category"":""ConvergenceWarning"",""message"":""Stochastic Optimizer: Maximum iterations (100) reached and the optimization hasn't converged yet.""}]",20261930,7ae00824be4cfb755f3d1c3607a0d6b3327c63a40a2c0f419e1978411089ca37,50000,20260921,0.7397,1.0584794247574223,0.7979508663657061,c4fdf23f813c39e941ab723d6f78b80ab948505be17316a65ce51fcc442dac19,20261930,,,,False,100,,,,,,,,512,"[128,64]",,,,,,,,,,,,,,,,,,,,,,
D2_50,mlp,558570,e78389894905f5c03950b1d598a7d649481c05d7d1ba2650e5f2604583fc898a,351,e8afbf8267f033a48fbd646e821a0b017de471a3e6015be2bec1d4b8ef458ef6,cpu,,,,,14.680638000019826,"[24976,25024]","[14,3,25,6,7,10,25,20,10,100,2]",classical_income_classifier,mlp,fixed_vocabulary_one_hot,none; these are non-DP baseline models,1,Caller is responsible for disjoint evaluation rows; this function receives training arrays only.,20262939,"last input column S, explicitly supplied by caller",34cf77139a2aabbb63206ea939032dcdce6aaea3c87f38dfad8da6f718182221,binary_income_Y,6,X_with_S and y only; no separate evaluation input is accepted,50000,2.5.2,3.12.14,1.6.1,2.13.0+cu130,"[{""category"":""ConvergenceWarning"",""message"":""Stochastic Optimizer: Maximum iterations (100) reached and the optimization hasn't converged yet.""}]",20262939,91438c844079c18a25763687f54eb2cb8dc218c41343b32c91423b3a4ec04e36,50000,20260921,0.7393,1.1819146324686118,0.7920142642628227,82cceb6d513d9bc3c124c7d421a33d9e38dc7cb3caf40b41af1f0bbbce8f543f,20262939,,,,False,100,,,,,,,,512,"[128,64]",,,,,,,,,,,,,,,,,,,,,,
D2_100,mlp,558816,7ba7224ea0bc1c6e3022dfc9355b65bdcb85d1164d4fe972c258c880f24b3331,351,e8afbf8267f033a48fbd646e821a0b017de471a3e6015be2bec1d4b8ef458ef6,cpu,,,,,14.808954200008884,"[25056,24944]","[14,3,25,6,7,10,25,20,10,100,2]",classical_income_classifier,mlp,fixed_vocabulary_one_hot,none; these are non-DP baseline models,1,Caller is responsible for disjoint evaluation rows; this function receives training arrays only.,20263948,"last input column S, explicitly supplied by caller",34cf77139a2aabbb63206ea939032dcdce6aaea3c87f38dfad8da6f718182221,binary_income_Y,6,X_with_S and y only; no separate evaluation input is accepted,50000,2.5.2,3.12.14,1.6.1,2.13.0+cu130,"[{""category"":""ConvergenceWarning"",""message"":""Stochastic Optimizer: Maximum iterations (100) reached and the optimization hasn't converged yet.""}]",20263948,bc6e44138e99cc9c56c60a04606de9c63a54b485e4561f74924d452633782447,50000,20260921,0.7438,1.057494797514055,0.8056839827795774,1b37d5febc111ebd962d296c0b687a67f4d0ab197327a86c8604d5fb9ab7cbde,20263948,,,,False,100,,,,,,,,512,"[128,64]",,,,,,,,,,,,,,,,,,,,,,
D1,mlp,558445,31455453352a29722573f55fd184db66275d3f1011b3ba915c3f6d1ff99b3013,351,e8afbf8267f033a48fbd646e821a0b017de471a3e6015be2bec1d4b8ef458ef6,cpu,,,,,13.71397879999131,"[25056,24944]","[14,3,25,6,7,10,25,20,10,100,2]",classical_income_classifier,mlp,fixed_vocabulary_one_hot,none; these are non-DP baseline models,1,Caller is responsible for disjoint evaluation rows; this function receives training arrays only.,20260922,"last input column S, explicitly supplied by caller",34cf77139a2aabbb63206ea939032dcdce6aaea3c87f38dfad8da6f718182221,binary_income_Y,6,X_with_S and y only; no separate evaluation input is accepted,50000,2.5.2,3.12.14,1.6.1,2.13.0+cu130,"[{""category"":""ConvergenceWarning"",""message"":""Stochastic Optimizer: Maximum iterations (100) reached and the optimization hasn't converged yet.""}]",20260922,a7e369207abf1315bdb488aecc22817380f7d088692a92f00cc50f68efd449f1,50000,20260922,0.7425,1.0502050611186988,0.8059044666271105,d3f4b46ebf5ea01743ebc4b1e52562ca026ae17a4e0eb1956bc07936601cd65b,20260922,,,,False,100,,,,,,,,512,"[128,64]",,,,,,,,,,,,,,,,,,,,,,
D2_0,mlp,558727,f07bb8dc34680c4e49f0a2a271689f85449886194d4b7005ce34789f969f92d5,351,e8afbf8267f033a48fbd646e821a0b017de471a3e6015be2bec1d4b8ef458ef6,cpu,,,,,14.093573099991772,"[25089,24911]","[14,3,25,6,7,10,25,20,10,100,2]",classical_income_classifier,mlp,fixed_vocabulary_one_hot,none; these are non-DP baseline models,1,Caller is responsible for disjoint evaluation rows; this function receives training arrays only.,20261931,"last input column S, explicitly supplied by caller",34cf77139a2aabbb63206ea939032dcdce6aaea3c87f38dfad8da6f718182221,binary_income_Y,6,X_with_S and y only; no separate evaluation input is accepted,50000,2.5.2,3.12.14,1.6.1,2.13.0+cu130,"[{""category"":""ConvergenceWarning"",""message"":""Stochastic Optimizer: Maximum iterations (100) reached and the optimization hasn't converged yet.""}]",20261931,3285082597d0dd147aaf00f37413baf510041d340b3fa0f46d30adec75d5bf90,50000,20260922,0.733,1.15979814572476,0.7875722238117274,2993e114a09658229a1ab29fa8dec1de292b3c20210f824e55712ce65639cc60,20261931,,,,False,100,,,,,,,,512,"[128,64]",,,,,,,,,,,,,,,,,,,,,,
D2_50,mlp,558295,cfbbd5677c6c0735d62147ea9bcb7f0f0de903cbdd68a01786da2adaa32fc6b4,351,e8afbf8267f033a48fbd646e821a0b017de471a3e6015be2bec1d4b8ef458ef6,cpu,,,,,14.0851828000159,"[24976,25024]","[14,3,25,6,7,10,25,20,10,100,2]",classical_income_classifier,mlp,fixed_vocabulary_one_hot,none; these are non-DP baseline models,1,Caller is responsible for disjoint evaluation rows; this function receives training arrays only.,20262940,"last input column S, explicitly supplied by caller",34cf77139a2aabbb63206ea939032dcdce6aaea3c87f38dfad8da6f718182221,binary_income_Y,6,X_with_S and y only; no separate evaluation input is accepted,50000,2.5.2,3.12.14,1.6.1,2.13.0+cu130,"[{""category"":""ConvergenceWarning"",""message"":""Stochastic Optimizer: Maximum iterations (100) reached and the optimization hasn't converged yet.""}]",20262940,b2a2b79d89fc37d80dcccb99ec7f3a7cbbbc7508e3aa2f628205410402e028b8,50000,20260922,0.7495,1.1505365155246152,0.810200571293791,3833adf8b3e66b72ab0b13501abd707d821f86fcaf770272c88d0c3224554ffb,20262940,,,,False,100,,,,,,,,512,"[128,64]",,,,,,,,,,,,,,,,,,,,,,
D2_100,mlp,558635,c95ec0a7bee08979be8b46c375a02e59ea9b29693c53513107825baa9546e641,351,e8afbf8267f033a48fbd646e821a0b017de471a3e6015be2bec1d4b8ef458ef6,cpu,,,,,14.089418299961835,"[25056,24944]","[14,3,25,6,7,10,25,20,10,100,2]",classical_income_classifier,mlp,fixed_vocabulary_one_hot,none; these are non-DP baseline models,1,Caller is responsible for disjoint evaluation rows; this function receives training arrays only.,20263949,"last input column S, explicitly supplied by caller",34cf77139a2aabbb63206ea939032dcdce6aaea3c87f38dfad8da6f718182221,binary_income_Y,6,X_with_S and y only; no separate evaluation input is accepted,50000,2.5.2,3.12.14,1.6.1,2.13.0+cu130,"[{""category"":""ConvergenceWarning"",""message"":""Stochastic Optimizer: Maximum iterations (100) reached and the optimization hasn't converged yet.""}]",20263949,970bcfcff1571605abd2c3a3e618711e7821cbede903552601adbea8600dc7e8,50000,20260922,0.7408,1.1847430429271808,0.7962409614223874,99bd18aec62849cf0ebff97b4c665b4d444f614ca1070a1bd16d3b736d4d23da,20263949,,,,False,100,,,,,,,,512,"[128,64]",,,,,,,,,,,,,,,,,,,,,,
D1,slm_small,,,604,079484de113f220568266c360aa0d8f9f2d69d58f22c5b857d60fa937a86092c,cuda,,,,,6.939502900000662,"[25056,24944]","[14,3,25,6,7,10,25,20,10,100,2]",scratch_causal_record_language_model,slm_small,,none; these are non-DP baseline models,1,Caller is responsible for disjoint evaluation rows; this function receives training arrays only.,20260921,"last input column S, explicitly supplied by caller",34cf77139a2aabbb63206ea939032dcdce6aaea3c87f38dfad8da6f718182221,binary_income_Y,6,X_with_S and y only; no separate evaluation input is accepted,50000,2.5.2,3.12.14,1.6.1,2.13.0+cu130,[],20260921,d8edff77e45f3519547124587767d1b35ba65432d3c4fa0565e6868a60cebfcb,50000,20260921,0.7898,0.4481652368072662,0.871711884357412,69d77075185f74ad92f602e32a76d04347748f010e2fc60f0da524fe334f3be6,,,,,,,,,,,,,,,,bfloat16,5712040,ef709c4359b99e0f53518c0c0bdd8b03b121da82c8bbe62b1486f8deef2b1040,True,512,192,768,0.1,0.0003,6,3,1024,0.01,seeded training and minibatch shuffle; bitwise determinism across hardware/runtimes is not asserted,NVIDIA GeForce RTX 5080 Laptop GPU,"[2.0579213857650758,1.195334863471985,1.1449277298736573,1.1286415981292726,1.1198421182632445,1.1146212670516968,1.1114556235122681,1.108850888786316]","[1.308877700008452,0.6954091999796219,0.6661517999600619,0.6683683000155725,0.6587707999860868,0.6679619000060484,0.6664348000194877,0.6801141000469215]",8,"softmax restricted to Y=0 and Y=1 logits after [BOS, X_1,...,X_10,S]",1381248,"softmax restricted to S=0 and S=1 logits after [BOS,X_1,...,X_10]","autoregressive next-token cross-entropy over every next token, including covariates, S, Y, and EOS"
D2_0,slm_small,,,604,079484de113f220568266c360aa0d8f9f2d69d58f22c5b857d60fa937a86092c,cuda,,,,,6.025242200004868,"[25089,24911]","[14,3,25,6,7,10,25,20,10,100,2]",scratch_causal_record_language_model,slm_small,,none; these are non-DP baseline models,1,Caller is responsible for disjoint evaluation rows; this function receives training arrays only.,20261930,"last input column S, explicitly supplied by caller",34cf77139a2aabbb63206ea939032dcdce6aaea3c87f38dfad8da6f718182221,binary_income_Y,6,X_with_S and y only; no separate evaluation input is accepted,50000,2.5.2,3.12.14,1.6.1,2.13.0+cu130,[],20261930,0f3fb01fb7392105cb146bcd6c24e4b101a4c973d84d23697a5d8fca69a8c99f,50000,20260921,0.7887,0.4526808066766687,0.8713124411536353,0eaae84f9171f995451ac6b690cf3ee65ffa58d82b651a588b4dd7df245da8da,,,,,,,,,,,,,,,,bfloat16,5712040,3c794297dcce48a6b72388a871148d6efa6dca264aee0c83dcb2ea892aa7eaa8,True,512,192,768,0.1,0.0003,6,3,1024,0.01,seeded training and minibatch shuffle; bitwise determinism across hardware/runtimes is not asserted,NVIDIA GeForce RTX 5080 Laptop GPU,"[2.0306132527923584,1.1978792803573608,1.1468005821990968,1.130036703453064,1.1215812321472167,1.1156875999450684,1.1127661142349243,1.1094849177169799]","[0.7007047000224702,0.7334654000005685,0.7733913999982178,0.7416939999675378,0.7391906000557356,0.7944558000308461,0.7624478000216186,0.7410726000089198]",8,"softmax restricted to Y=0 and Y=1 logits after [BOS, X_1,...,X_10,S]",1381248,"softmax restricted to S=0 and S=1 logits after [BOS,X_1,...,X_10]","autoregressive next-token cross-entropy over every next token, including covariates, S, Y, and EOS"
D2_50,slm_small,,,604,079484de113f220568266c360aa0d8f9f2d69d58f22c5b857d60fa937a86092c,cuda,,,,,6.0232951999641955,"[24976,25024]","[14,3,25,6,7,10,25,20,10,100,2]",scratch_causal_record_language_model,slm_small,,none; these are non-DP baseline models,1,Caller is responsible for disjoint evaluation rows; this function receives training arrays only.,20262939,"last input column S, explicitly supplied by caller",34cf77139a2aabbb63206ea939032dcdce6aaea3c87f38dfad8da6f718182221,binary_income_Y,6,X_with_S and y only; no separate evaluation input is accepted,50000,2.5.2,3.12.14,1.6.1,2.13.0+cu130,[],20262939,667b39ed83a961c8d724bfbffb5fa374bb5f3d3ac9967c0b2e204db77e4fb468,50000,20260921,0.7842,0.4504539041645377,0.8719576509395257,0aeebcf4f530ca1a5501c18bfcc7e52e82460f13c92b9b4b1b9e34f3e51a4b2c,,,,,,,,,,,,,,,,bfloat16,5712040,3c34dd5ee8c7a5fbe289b98639f6dd4a075c39d80c8ab0a7e66cd23ccdaf828d,True,512,192,768,0.1,0.0003,6,3,1024,0.01,seeded training and minibatch shuffle; bitwise determinism across hardware/runtimes is not asserted,NVIDIA GeForce RTX 5080 Laptop GPU,"[2.0257512340164183,1.1950132306671142,1.1455423398971558,1.1288366292953491,1.1201622720718383,1.1151415048217774,1.1118365703964233,1.1092015983581542]","[0.75360619998537,0.740791000018362,0.7677606000215746,0.7286097999894992,0.7575277999858372,0.7756263000192121,0.7456030999892391,0.7140509000164457]",8,"softmax restricted to Y=0 and Y=1 logits after [BOS, X_1,...,X_10,S]",1381248,"softmax restricted to S=0 and S=1 logits after [BOS,X_1,...,X_10]","autoregressive next-token cross-entropy over every next token, including covariates, S, Y, and EOS"
D2_100,slm_small,,,604,079484de113f220568266c360aa0d8f9f2d69d58f22c5b857d60fa937a86092c,cuda,,,,,5.6560878999880515,"[25056,24944]","[14,3,25,6,7,10,25,20,10,100,2]",scratch_causal_record_language_model,slm_small,,none; these are non-DP baseline models,1,Caller is responsible for disjoint evaluation rows; this function receives training arrays only.,20263948,"last input column S, explicitly supplied by caller",34cf77139a2aabbb63206ea939032dcdce6aaea3c87f38dfad8da6f718182221,binary_income_Y,6,X_with_S and y only; no separate evaluation input is accepted,50000,2.5.2,3.12.14,1.6.1,2.13.0+cu130,[],20263948,28e85af8606825cd88a73ed71ce6e702253cf6888ce612d44754263b384a09a6,50000,20260921,0.7898,0.4465624465586774,0.8726917503397167,bcb4bdef481d61417f1ae76beb36f2360ccd279f2e891eddfd6401c60b99a868,,,,,,,,,,,,,,,,bfloat16,5712040,593d111216427c5bebd557eea510b29789c34e553a51c519007bd2242598c69f,True,512,192,768,0.1,0.0003,6,3,1024,0.01,seeded training and minibatch shuffle; bitwise determinism across hardware/runtimes is not asserted,NVIDIA GeForce RTX 5080 Laptop GPU,"[2.0598524074172975,1.1958327017593384,1.145491551246643,1.1286278113555908,1.1194691019058227,1.1146816804504394,1.1112314768600464,1.1086387316131592]","[0.7421055000158958,0.6876476000179537,0.715578600007575,0.6882785999914631,0.67974900000263,0.6997151999967173,0.7126892000087537,0.689276700024493]",8,"softmax restricted to Y=0 and Y=1 logits after [BOS, X_1,...,X_10,S]",1381248,"softmax restricted to S=0 and S=1 logits after [BOS,X_1,...,X_10]","autoregressive next-token cross-entropy over every next token, including covariates, S, Y, and EOS"
D1,slm_small,,,604,079484de113f220568266c360aa0d8f9f2d69d58f22c5b857d60fa937a86092c,cuda,,,,,5.833837899961509,"[25056,24944]","[14,3,25,6,7,10,25,20,10,100,2]",scratch_causal_record_language_model,slm_small,,none; these are non-DP baseline models,1,Caller is responsible for disjoint evaluation rows; this function receives training arrays only.,20260922,"last input column S, explicitly supplied by caller",34cf77139a2aabbb63206ea939032dcdce6aaea3c87f38dfad8da6f718182221,binary_income_Y,6,X_with_S and y only; no separate evaluation input is accepted,50000,2.5.2,3.12.14,1.6.1,2.13.0+cu130,[],20260922,4524e280668a443539230e9fc22eb80dbde6eabfb5667106f791eeb21a18992b,50000,20260922,0.7876,0.44928970820787645,0.8711458431343935,5e6e89f55c47fdc4f3995ff324d6ee1f55a4293f04cdf6a44c66e704d7c2625d,,,,,,,,,,,,,,,,bfloat16,5712040,3ad57117166a40e8acf72fc91035e51ec37df57536d879a0f23590eddc115b08,True,512,192,768,0.1,0.0003,6,3,1024,0.01,seeded training and minibatch shuffle; bitwise determinism across hardware/runtimes is not asserted,NVIDIA GeForce RTX 5080 Laptop GPU,"[2.062510333557129,1.1984567947387694,1.146330644569397,1.1282623370361329,1.1199069037246705,1.114307878036499,1.1110261993408204,1.1084686624526978]","[0.700984499999322,0.6970518999733031,0.6917090999777429,0.7187992999679409,0.7523458000505343,0.7489586999872699,0.728386299975682,0.7564730999874882]",8,"softmax restricted to Y=0 and Y=1 logits after [BOS, X_1,...,X_10,S]",1381248,"softmax restricted to S=0 and S=1 logits after [BOS,X_1,...,X_10]","autoregressive next-token cross-entropy over every next token, including covariates, S, Y, and EOS"
D2_0,slm_small,,,604,079484de113f220568266c360aa0d8f9f2d69d58f22c5b857d60fa937a86092c,cuda,,,,,6.009131900034845,"[25089,24911]","[14,3,25,6,7,10,25,20,10,100,2]",scratch_causal_record_language_model,slm_small,,none; these are non-DP baseline models,1,Caller is responsible for disjoint evaluation rows; this function receives training arrays only.,20261931,"last input column S, explicitly supplied by caller",34cf77139a2aabbb63206ea939032dcdce6aaea3c87f38dfad8da6f718182221,binary_income_Y,6,X_with_S and y only; no separate evaluation input is accepted,50000,2.5.2,3.12.14,1.6.1,2.13.0+cu130,[],20261931,8516e09151aedb18a107f5bc4be39af451fdcf6176b88cc98a21560b9c645023,50000,20260922,0.7817,0.4494311234773788,0.8709992672807492,ddf6a5ca61a6d92807e609cba5b69f7e50f704051bee90ee66b16360d3a739b8,,,,,,,,,,,,,,,,bfloat16,5712040,99d7679c1c97b2b419d5aabc49860464a5ab7a9737b6a157577ac0b66149cac8,True,512,192,768,0.1,0.0003,6,3,1024,0.01,seeded training and minibatch shuffle; bitwise determinism across hardware/runtimes is not asserted,NVIDIA GeForce RTX 5080 Laptop GPU,"[2.0171971241760254,1.1964502509689332,1.1467261233520507,1.1291508337402343,1.120545187149048,1.1156245604324342,1.1123716216278077,1.1094280056381225]","[0.7385147999739274,0.7280108000268228,0.7393035999848507,0.7574963999795727,0.7482138000195846,0.7541826000087894,0.7315165000036359,0.7744277999736369]",8,"softmax restricted to Y=0 and Y=1 logits after [BOS, X_1,...,X_10,S]",1381248,"softmax restricted to S=0 and S=1 logits after [BOS,X_1,...,X_10]","autoregressive next-token cross-entropy over every next token, including covariates, S, Y, and EOS"
D2_50,slm_small,,,604,079484de113f220568266c360aa0d8f9f2d69d58f22c5b857d60fa937a86092c,cuda,,,,,5.886872400005814,"[24976,25024]","[14,3,25,6,7,10,25,20,10,100,2]",scratch_causal_record_language_model,slm_small,,none; these are non-DP baseline models,1,Caller is responsible for disjoint evaluation rows; this function receives training arrays only.,20262940,"last input column S, explicitly supplied by caller",34cf77139a2aabbb63206ea939032dcdce6aaea3c87f38dfad8da6f718182221,binary_income_Y,6,X_with_S and y only; no separate evaluation input is accepted,50000,2.5.2,3.12.14,1.6.1,2.13.0+cu130,[],20262940,61869d5ba37ec78cbeb39552c1c177a87ce89adc502567da0d621211c449dc6d,50000,20260922,0.7919,0.4474001943291152,0.8715637683371833,af745583b43e0876097e9a86d8fcaa80b62e17b8d5f78121dee098b80a50b662,,,,,,,,,,,,,,,,bfloat16,5712040,3ed3abaab38d9aa03bea80f739f13d277d504d6d565beab251092da85bab1acb,True,512,192,768,0.1,0.0003,6,3,1024,0.01,seeded training and minibatch shuffle; bitwise determinism across hardware/runtimes is not asserted,NVIDIA GeForce RTX 5080 Laptop GPU,"[2.0343341899490355,1.197493957939148,1.1463695448684692,1.129222049293518,1.1204894707107544,1.1150908263778687,1.1117240091705323,1.10950011428833]","[0.768966100004036,0.7247233000234701,0.7354943999671377,0.7822155999601819,0.7074822999420576,0.7092067999765277,0.7003998000291176,0.7166299000382423]",8,"softmax restricted to Y=0 and Y=1 logits after [BOS, X_1,...,X_10,S]",1381248,"softmax restricted to S=0 and S=1 logits after [BOS,X_1,...,X_10]","autoregressive next-token cross-entropy over every next token, including covariates, S, Y, and EOS"
D2_100,slm_small,,,604,079484de113f220568266c360aa0d8f9f2d69d58f22c5b857d60fa937a86092c,cuda,,,,,5.969769300019834,"[25056,24944]","[14,3,25,6,7,10,25,20,10,100,2]",scratch_causal_record_language_model,slm_small,,none; these are non-DP baseline models,1,Caller is responsible for disjoint evaluation rows; this function receives training arrays only.,20263949,"last input column S, explicitly supplied by caller",34cf77139a2aabbb63206ea939032dcdce6aaea3c87f38dfad8da6f718182221,binary_income_Y,6,X_with_S and y only; no separate evaluation input is accepted,50000,2.5.2,3.12.14,1.6.1,2.13.0+cu130,[],20263949,5dded94a3c4548a485a75b1801b8154492888f1def4d054184af0700c206563e,50000,20260922,0.7913,0.4475692480335694,0.8717081439528499,2154e40de759cd8ef735b18221231645ebe9d47c127f64d1441f387c959509bd,,,,,,,,,,,,,,,,bfloat16,5712040,fa97cba1559bc62135709310f337b13c90e7e592a6e1ee958671caed4f555982,True,512,192,768,0.1,0.0003,6,3,1024,0.01,seeded training and minibatch shuffle; bitwise determinism across hardware/runtimes is not asserted,NVIDIA GeForce RTX 5080 Laptop GPU,"[2.069825311164856,1.1974618885803223,1.1458075355911255,1.1284804526138306,1.119385228843689,1.1147883825683593,1.1110091830062867,1.1082979454421997]","[0.7726275000022724,0.8036895000259392,0.7381510999985039,0.7250179999973625,0.7350226999842562,0.7194773000082932,0.715937800006941,0.7196329000289552]",8,"softmax restricted to Y=0 and Y=1 logits after [BOS, X_1,...,X_10,S]",1381248,"softmax restricted to S=0 and S=1 logits after [BOS,X_1,...,X_10]","autoregressive next-token cross-entropy over every next token, including covariates, S, Y, and EOS"
D1,slm_medium,,,604,079484de113f220568266c360aa0d8f9f2d69d58f22c5b857d60fa937a86092c,cuda,,,,,8.095023999980185,"[25056,24944]","[14,3,25,6,7,10,25,20,10,100,2]",scratch_causal_record_language_model,slm_medium,,none; these are non-DP baseline models,1,Caller is responsible for disjoint evaluation rows; this function receives training arrays only.,20260921,"last input column S, explicitly supplied by caller",34cf77139a2aabbb63206ea939032dcdce6aaea3c87f38dfad8da6f718182221,binary_income_Y,6,X_with_S and y only; no separate evaluation input is accepted,50000,2.5.2,3.12.14,1.6.1,2.13.0+cu130,[],20260921,bbfb92048d8a9b35047ec0d929bac57fcd9629a029d4642ece7e89e9b6240adb,50000,20260921,0.7911,0.44669966340148803,0.8724645857695968,e31379e713689840a51ac00d9d0aa98e1f1f9c7f55f3de0e2569eedb14326952,,,,,,,,,,,,,,,,bfloat16,13133892,785bfdcca578bd6e6f6b429e7f1ce4db333154b44a92bbc5c63340b13a0d79d0,True,512,256,1024,0.1,0.0003,8,4,1024,0.01,seeded training and minibatch shuffle; bitwise determinism across hardware/runtimes is not asserted,NVIDIA GeForce RTX 5080 Laptop GPU,"[1.7081774055862426,1.1582202330398559,1.1283227442550658,1.1181586280441285,1.112080650024414,1.1086411784362793,1.1060390586090088,1.1040987686538697]","[1.008850100042764,1.001279300020542,0.987276199972257,0.9973839999875054,1.0014292999985628,1.0035458999918774,1.0188444999512285,1.0198780999635346]",8,"softmax restricted to Y=0 and Y=1 logits after [BOS, X_1,...,X_10,S]",3221248,"softmax restricted to S=0 and S=1 logits after [BOS,X_1,...,X_10]","autoregressive next-token cross-entropy over every next token, including covariates, S, Y, and EOS"
D2_0,slm_medium,,,604,079484de113f220568266c360aa0d8f9f2d69d58f22c5b857d60fa937a86092c,cuda,,,,,8.66056629997911,"[25089,24911]","[14,3,25,6,7,10,25,20,10,100,2]",scratch_causal_record_language_model,slm_medium,,none; these are non-DP baseline models,1,Caller is responsible for disjoint evaluation rows; this function receives training arrays only.,20261930,"last input column S, explicitly supplied by caller",34cf77139a2aabbb63206ea939032dcdce6aaea3c87f38dfad8da6f718182221,binary_income_Y,6,X_with_S and y only; no separate evaluation input is accepted,50000,2.5.2,3.12.14,1.6.1,2.13.0+cu130,[],20261930,f8cd8b46d5e603b716c11a846ef0ac7b26372c9257d354443452c8061a3b1c2b,50000,20260921,0.7866,0.4514167627117309,0.8709307198666608,803fdc533bda23b0f954d4969ff4eae914d7e57a69f97430fb28cedfcd57f43c,,,,,,,,,,,,,,,,bfloat16,13133892,16e17c2028ac3ce3d05db5f0857ae3da03a336e16e4853facec2b2e8a3fd3f53,True,512,256,1024,0.1,0.0003,8,4,1024,0.01,seeded training and minibatch shuffle; bitwise determinism across hardware/runtimes is not asserted,NVIDIA GeForce RTX 5080 Laptop GPU,"[1.724413071784973,1.1600658960723877,1.1298990167617797,1.118765719680786,1.1140904020309448,1.109496942062378,1.1078426315689087,1.1052277656173706]","[1.2062437999993563,1.1024982000235468,1.0784838999970816,1.0708165999967605,1.0508191999979317,1.0244916999945417,1.0137566999765113,1.0484054000116885]",8,"softmax restricted to Y=0 and Y=1 logits after [BOS, X_1,...,X_10,S]",3221248,"softmax restricted to S=0 and S=1 logits after [BOS,X_1,...,X_10]","autoregressive next-token cross-entropy over every next token, including covariates, S, Y, and EOS"
D2_50,slm_medium,,,604,079484de113f220568266c360aa0d8f9f2d69d58f22c5b857d60fa937a86092c,cuda,,,,,8.897997600026429,"[24976,25024]","[14,3,25,6,7,10,25,20,10,100,2]",scratch_causal_record_language_model,slm_medium,,none; these are non-DP baseline models,1,Caller is responsible for disjoint evaluation rows; this function receives training arrays only.,20262939,"last input column S, explicitly supplied by caller",34cf77139a2aabbb63206ea939032dcdce6aaea3c87f38dfad8da6f718182221,binary_income_Y,6,X_with_S and y only; no separate evaluation input is accepted,50000,2.5.2,3.12.14,1.6.1,2.13.0+cu130,[],20262939,44ad500943595de7d05480845e5886fab9157f48ea8047d4cfeab201778e6252,50000,20260921,0.7876,0.4477714425990288,0.8731522001419674,a1e7eadc0413f2e00f5fed99223dfb043452c4cd0452c2761557f81c807dd393,,,,,,,,,,,,,,,,bfloat16,13133892,682981ae410c47e16b33ba032362a14d5a824c8829cc6c48f36b3b983cd64ea8,True,512,256,1024,0.1,0.0003,8,4,1024,0.01,seeded training and minibatch shuffle; bitwise determinism across hardware/runtimes is not asserted,NVIDIA GeForce RTX 5080 Laptop GPU,"[1.718431883544922,1.1580084184646606,1.12867712348938,1.1185348076629638,1.112983524055481,1.1093534125900268,1.1072317657470703,1.104949658241272]","[1.1163210999802686,1.1356999000418,1.1133847000310197,1.074953499948606,1.0959977000020444,1.098050200031139,1.0997248999774456,1.1058973000035621]",8,"softmax restricted to Y=0 and Y=1 logits after [BOS, X_1,...,X_10,S]",3221248,"softmax restricted to S=0 and S=1 logits after [BOS,X_1,...,X_10]","autoregressive next-token cross-entropy over every next token, including covariates, S, Y, and EOS"
D2_100,slm_medium,,,604,079484de113f220568266c360aa0d8f9f2d69d58f22c5b857d60fa937a86092c,cuda,,,,,8.537018100032583,"[25056,24944]","[14,3,25,6,7,10,25,20,10,100,2]",scratch_causal_record_language_model,slm_medium,,none; these are non-DP baseline models,1,Caller is responsible for disjoint evaluation rows; this function receives training arrays only.,20263948,"last input column S, explicitly supplied by caller",34cf77139a2aabbb63206ea939032dcdce6aaea3c87f38dfad8da6f718182221,binary_income_Y,6,X_with_S and y only; no separate evaluation input is accepted,50000,2.5.2,3.12.14,1.6.1,2.13.0+cu130,[],20263948,382fbee02cc7556db1e86eabcebd9a2c48e32674979d26ae92df8e65307fe957,50000,20260921,0.7879,0.44572363948680815,0.8732660924605605,b9042d2dfb1b7693d3928ec6f21ffbeb225b5c7c2ada668b30f7b433a68c4e33,,,,,,,,,,,,,,,,bfloat16,13133892,3acb17f28619fd22fd4fecb19c2adaedd37bae28f504f1d8e2ecfed0716b50d1,True,512,256,1024,0.1,0.0003,8,4,1024,0.01,seeded training and minibatch shuffle; bitwise determinism across hardware/runtimes is not asserted,NVIDIA GeForce RTX 5080 Laptop GPU,"[1.711935991973877,1.1579067945480346,1.1286148165130616,1.1181525130462646,1.1119955872726441,1.108625274963379,1.106350079460144,1.1042246041488648]","[1.0736310000065714,1.0219518999801949,1.0173512999899685,1.0334975000005215,1.080801900010556,1.0987042000051588,1.0545744000119157,1.0952002999838442]",8,"softmax restricted to Y=0 and Y=1 logits after [BOS, X_1,...,X_10,S]",3221248,"softmax restricted to S=0 and S=1 logits after [BOS,X_1,...,X_10]","autoregressive next-token cross-entropy over every next token, including covariates, S, Y, and EOS"
D1,slm_medium,,,604,079484de113f220568266c360aa0d8f9f2d69d58f22c5b857d60fa937a86092c,cuda,,,,,8.415439300006256,"[25056,24944]","[14,3,25,6,7,10,25,20,10,100,2]",scratch_causal_record_language_model,slm_medium,,none; these are non-DP baseline models,1,Caller is responsible for disjoint evaluation rows; this function receives training arrays only.,20260922,"last input column S, explicitly supplied by caller",34cf77139a2aabbb63206ea939032dcdce6aaea3c87f38dfad8da6f718182221,binary_income_Y,6,X_with_S and y only; no separate evaluation input is accepted,50000,2.5.2,3.12.14,1.6.1,2.13.0+cu130,[],20260922,d8024978ee70ac861dff87245887b469393e5ad8d68fcbeb324378a5a5a65515,50000,20260922,0.7896,0.4480838831701698,0.8716364161947756,a0571d92c21070777748a4416d0debe65e3d7a38168491a6011d6c69cddcf080,,,,,,,,,,,,,,,,bfloat16,13133892,f066563b9f6945a0b25812d4c7a8d2fd8b4e00bbe17ee9a4c577d3f6a6d13314,True,512,256,1024,0.1,0.0003,8,4,1024,0.01,seeded training and minibatch shuffle; bitwise determinism across hardware/runtimes is not asserted,NVIDIA GeForce RTX 5080 Laptop GPU,"[1.714346205444336,1.1572937600326538,1.128820919113159,1.1176335287094117,1.112346209564209,1.1085939261627198,1.1059122304916382,1.1043898175811768]","[1.0775525000062771,1.010559500020463,1.0863737000036053,1.0601025000214577,1.0110079000005499,1.0325848000356928,1.03735769999912,1.043154000013601]",8,"softmax restricted to Y=0 and Y=1 logits after [BOS, X_1,...,X_10,S]",3221248,"softmax restricted to S=0 and S=1 logits after [BOS,X_1,...,X_10]","autoregressive next-token cross-entropy over every next token, including covariates, S, Y, and EOS"
D2_0,slm_medium,,,604,079484de113f220568266c360aa0d8f9f2d69d58f22c5b857d60fa937a86092c,cuda,,,,,8.33641670003999,"[25089,24911]","[14,3,25,6,7,10,25,20,10,100,2]",scratch_causal_record_language_model,slm_medium,,none; these are non-DP baseline models,1,Caller is responsible for disjoint evaluation rows; this function receives training arrays only.,20261931,"last input column S, explicitly supplied by caller",34cf77139a2aabbb63206ea939032dcdce6aaea3c87f38dfad8da6f718182221,binary_income_Y,6,X_with_S and y only; no separate evaluation input is accepted,50000,2.5.2,3.12.14,1.6.1,2.13.0+cu130,[],20261931,7226837dae8a661881fe684fa6e0e88117b10dca33b6372e58ff8147a3c7bb17,50000,20260922,0.7833,0.4483425026640952,0.8718783023571829,5c658a07ccbbf80ff84da0cf55ecca5a60882252176d365ca4490237cae64eb0,,,,,,,,,,,,,,,,bfloat16,13133892,ca2c38a7a331b1298117cc6cfa78991e65b53a23a41e2583d5623ef256b50498,True,512,256,1024,0.1,0.0003,8,4,1024,0.01,seeded training and minibatch shuffle; bitwise determinism across hardware/runtimes is not asserted,NVIDIA GeForce RTX 5080 Laptop GPU,"[1.7105095264053345,1.1592817125701904,1.1299239603424072,1.11929436542511,1.1133916064453124,1.1098838104629516,1.1077667395401,1.1057041975021362]","[1.01642100000754,1.0353917999891564,1.0214925999753177,1.039790200011339,1.0217582999612205,1.0318554999539629,1.019621899991762,1.093287700030487]",8,"softmax restricted to Y=0 and Y=1 logits after [BOS, X_1,...,X_10,S]",3221248,"softmax restricted to S=0 and S=1 logits after [BOS,X_1,...,X_10]","autoregressive next-token cross-entropy over every next token, including covariates, S, Y, and EOS"
D2_50,slm_medium,,,604,079484de113f220568266c360aa0d8f9f2d69d58f22c5b857d60fa937a86092c,cuda,,,,,8.626657699991483,"[24976,25024]","[14,3,25,6,7,10,25,20,10,100,2]",scratch_causal_record_language_model,slm_medium,,none; these are non-DP baseline models,1,Caller is responsible for disjoint evaluation rows; this function receives training arrays only.,20262940,"last input column S, explicitly supplied by caller",34cf77139a2aabbb63206ea939032dcdce6aaea3c87f38dfad8da6f718182221,binary_income_Y,6,X_with_S and y only; no separate evaluation input is accepted,50000,2.5.2,3.12.14,1.6.1,2.13.0+cu130,[],20262940,d0e2a7d4fa5a38c4f84b77525ed9884a21e08c57fcf1c5c35b3db2a8752dd41f,50000,20260922,0.7912,0.4458936427998082,0.8726127217919889,aef32531e272b0d03ff39c56737d33a63dff7f2eff8dabdec332fe152a57d222,,,,,,,,,,,,,,,,bfloat16,13133892,bb04acbaf403aef2698615e9eaf513839895714ca9b7cee774ff2c8740d44477,True,512,256,1024,0.1,0.0003,8,4,1024,0.01,seeded training and minibatch shuffle; bitwise determinism across hardware/runtimes is not asserted,NVIDIA GeForce RTX 5080 Laptop GPU,"[1.714455773086548,1.1582312462615967,1.129258703956604,1.1187767516708373,1.1132247091293335,1.109396561126709,1.1064809372329711,1.1051094376373292]","[1.1186150999856181,1.057665599975735,1.0333592999959365,1.0753997000283562,1.0559302999754436,1.0769767999881878,1.0888307000277564,1.0659090999979526]",8,"softmax restricted to Y=0 and Y=1 logits after [BOS, X_1,...,X_10,S]",3221248,"softmax restricted to S=0 and S=1 logits after [BOS,X_1,...,X_10]","autoregressive next-token cross-entropy over every next token, including covariates, S, Y, and EOS"
D2_100,slm_medium,,,604,079484de113f220568266c360aa0d8f9f2d69d58f22c5b857d60fa937a86092c,cuda,,,,,8.68100369995227,"[25056,24944]","[14,3,25,6,7,10,25,20,10,100,2]",scratch_causal_record_language_model,slm_medium,,none; these are non-DP baseline models,1,Caller is responsible for disjoint evaluation rows; this function receives training arrays only.,20263949,"last input column S, explicitly supplied by caller",34cf77139a2aabbb63206ea939032dcdce6aaea3c87f38dfad8da6f718182221,binary_income_Y,6,X_with_S and y only; no separate evaluation input is accepted,50000,2.5.2,3.12.14,1.6.1,2.13.0+cu130,[],20263949,4b12db9729d8e474ffe5dbe52dc42714670810ed4b8fcb8352215139aff5405a,50000,20260922,0.7917,0.4456342426769039,0.8725354934389703,942b503ac238e0bf71fd1593e8693a14f111cfc33d2e891195c52bccaf685a0b,,,,,,,,,,,,,,,,bfloat16,13133892,ae4c1a6be496ce68e757712b9a0d2cc63318e126e64153d20f1f8755cbfc44a1,True,512,256,1024,0.1,0.0003,8,4,1024,0.01,seeded training and minibatch shuffle; bitwise determinism across hardware/runtimes is not asserted,NVIDIA GeForce RTX 5080 Laptop GPU,"[1.7181732019424438,1.1570334533309936,1.1283169313812256,1.1175935501480103,1.112033692817688,1.1085588377761841,1.1059486771011353,1.1039202390670777]","[1.0770428000250831,1.1543456999934278,1.1047505000024103,1.0663260000292212,1.0958851000177674,1.0352661000215448,1.0451272000209428,1.0459744000108913]",8,"softmax restricted to Y=0 and Y=1 logits after [BOS, X_1,...,X_10,S]",3221248,"softmax restricted to S=0 and S=1 logits after [BOS,X_1,...,X_10]","autoregressive next-token cross-entropy over every next token, including covariates, S, Y, and EOS"
